COUNTY,CITY,cross_name,cross_x,cross_y,street1,street2,NUMBER_KILLED_last5,NUMBER_INJURED_last5,COUNT_PED_KILLED_last5,COUNT_PED_INJURED_last5,COUNT_BICYCLIST_KILLED_last5,COUNT_BICYCLIST_INJURED_last5,NUMBER_KILLED_last10,NUMBER_INJURED_last10,COUNT_PED_KILLED_last10,COUNT_PED_INJURED_last10,COUNT_BICYCLIST_KILLED_last10,COUNT_BICYCLIST_INJURED_last10
LOS ANGELES,LOS ANGELES,CORBIN AV/ROSCOE BL,-118.56230010178068,34.220339338559874,CORBIN AV,ROSCOE BL,3.0,44.0,0.0,0.0,0.0,0.0,3.0,83.0,0.0,0.0,0.0,3.0
LOS ANGELES,LOS ANGELES,S HOOVER ST/W 76TH ST,-118.28712065927343,33.970750668972656,S HOOVER ST,W 76TH ST,3.0,9.0,0.0,0.0,0.0,0.0,3.0,11.0,0.0,0.0,0.0,0.0
LOS ANGELES,LOS ANGELES,LANKERSHIM BL/SAN FERNANDO RD,-118.38782024140625,34.233689809746096,LANKERSHIM BL,SAN FERNANDO RD,3.0,5.0,0.0,0.0,0.0,0.0,4.0,7.0,0.0,0.0,0.0,0.0
LOS ANGELES,LOS ANGELES,OXNARD ST/VAN NUYS BL,-118.44873729464824,34.17939529676429,OXNARD ST,VAN NUYS BL,2.0,83.0,1.0,0.0,0.0,1.0,2.0,159.0,1.0,0.0,0.0,3.0
LOS ANGELES,LOS ANGELES,VALERIO ST/VAN NUYS BL,-118.44875238884991,34.20482951149903,VALERIO ST,VAN NUYS BL,2.0,27.0,1.0,5.0,1.0,1.0,3.0,47.0,2.0,8.0,1.0,1.0
LOS ANGELES,LOS ANGELES,SATICOY ST/SHOUP AV,-118.61469456370175,34.20827724679917,SATICOY ST,SHOUP AV,2.0,26.0,0.0,1.0,0.0,1.0,2.0,43.0,0.0,3.0,0.0,1.0
LOS ANGELES,LOS ANGELES,54TH ST/NORMANDIE AV,-118.29999193844607,33.97727312875156,54TH ST,NORMANDIE AV,2.0,26.0,1.0,1.0,0.0,0.0,2.0,48.0,1.0,3.0,0.0,1.0
LOS ANGELES,LOS ANGELES,VANOWEN ST/VINELAND AV,-118.37031057843386,34.19394331939157,VANOWEN ST,VINELAND AV,2.0,24.0,0.0,2.0,0.0,1.0,3.0,61.0,0.0,3.0,0.0,2.0
LOS ANGELES,LOS ANGELES,ARLINGTON AV/EXPOSITION BL,-118.3177508005469,34.018873711848144,ARLINGTON AV,EXPOSITION BL,2.0,22.0,0.0,5.0,0.0,0.0,2.0,40.0,0.0,6.0,0.0,1.0
LOS ANGELES,LOS ANGELES,FIGUEROA ST/GAGE AV,-118.28267101308928,33.98238052780803,FIGUEROA ST,GAGE AV,2.0,22.0,0.0,1.0,0.0,1.0,2.0,49.0,0.0,5.0,0.0,2.0
LOS ANGELES,LOS ANGELES,CENTURY BL/FIGUEROA ST,-118.2826486337976,33.94553921892822,CENTURY BL,FIGUEROA ST,2.0,19.0,1.0,2.0,0.0,4.0,2.0,44.0,1.0,4.0,0.0,4.0
LOS ANGELES,LOS ANGELES,AVALON BL/LOMITA BL,-118.26393861809473,33.79916232577929,AVALON BL,LOMITA BL,2.0,15.0,0.0,3.0,0.0,0.0,2.0,27.0,0.0,3.0,0.0,2.0
LOS ANGELES,LOS ANGELES,DE SOTO AV/PLUMMER ST,-118.58856633900098,34.24272171042774,DE SOTO AV,PLUMMER ST,2.0,14.0,0.0,3.0,0.0,0.0,2.0,26.0,0.0,3.0,0.0,2.0
LOS ANGELES,LOS ANGELES,NORDHOFF ST/TOBIAS AV,-118.45168768903054,34.23541556384588,NORDHOFF ST,TOBIAS AV,2.0,14.0,2.0,1.0,0.0,0.0,2.0,22.0,2.0,3.0,0.0,1.0
LOS ANGELES,LOS ANGELES,DEVONSHIRE ST/RESEDA BL,-118.53609654510419,34.25725864823518,DEVONSHIRE ST,RESEDA BL,2.0,12.0,0.0,2.0,0.0,0.0,2.0,68.0,0.0,2.0,0.0,1.0
LOS ANGELES,LOS ANGELES,NATIONAL BL/SEPULVEDA BL,-118.4286616041084,34.0273540525459,NATIONAL BL,SEPULVEDA BL,2.0,10.0,1.0,0.0,0.0,1.0,2.0,30.0,1.0,1.0,0.0,1.0
LOS ANGELES,LOS ANGELES,68TH ST/NORMANDIE AV,-118.30027007792481,33.97779886393555,68TH ST,NORMANDIE AV,2.0,8.0,0.0,0.0,0.0,0.0,2.0,9.0,0.0,1.0,0.0,0.0
LOS ANGELES,LOS ANGELES,MANCHESTER AV/S BROADWAY,-118.27828146035158,33.96007948874349,MANCHESTER AV,S BROADWAY,2.0,5.0,0.0,0.0,0.0,0.0,2.0,6.0,0.0,0.0,0.0,1.0
LOS ANGELES,LOS ANGELES,S FIGUEROA ST/W CENTURY BL,-118.28264999389648,33.94554138183594,S FIGUEROA ST,W CENTURY BL,2.0,4.0,0.0,0.0,0.0,0.0,2.0,4.0,0.0,0.0,0.0,0.0
LOS ANGELES,LOS ANGELES,117TH ST/MAIN ST,-118.27390013,33.92740011,117TH ST,MAIN ST,2.0,3.0,2.0,0.0,0.0,0.0,2.0,6.0,2.0,0.0,0.0,0.0
LOS ANGELES,LOS ANGELES,FOOTHILL BL/NEWHOME AV,-118.32245635986328,34.25975036621094,FOOTHILL BL,NEWHOME AV,2.0,3.0,0.0,0.0,0.0,0.0,2.0,3.0,0.0,0.0,0.0,0.0
LOS ANGELES,LOS ANGELES,FOOTHILL BL/VALMONT ST,-118.29472211844532,34.25233049601758,FOOTHILL BL,VALMONT ST,2.0,2.0,0.0,0.0,0.0,0.0,2.0,7.0,0.0,0.0,0.0,1.0
LOS ANGELES,LOS ANGELES,S BROADWAY/W 37TH ST,-118.27593994140624,34.0157585144043,S BROADWAY,W 37TH ST,2.0,2.0,2.0,0.0,0.0,0.0,2.0,2.0,2.0,0.0,0.0,0.0
LOS ANGELES,LOS ANGELES,WENTWORTH ST/WHEATLAND AV,-118.35418856585937,34.265930142890625,WENTWORTH ST,WHEATLAND AV,2.0,2.0,0.0,0.0,0.0,0.0,2.0,5.0,0.0,0.0,0.0,0.0
LOS ANGELES,LOS ANGELES,ARTESIA BL/S VERMONT AV,-118.29093170166016,33.87287139892578,ARTESIA BL,S VERMONT AV,2.0,2.0,0.0,0.0,0.0,0.0,2.0,2.0,0.0,0.0,0.0,0.0
LOS ANGELES,LOS ANGELES,7TH ST/BOYLE ST,-118.21958950226563,34.033438505921225,7TH ST,BOYLE ST,2.0,2.0,0.0,0.0,0.0,0.0,2.0,4.0,0.0,0.0,0.0,0.0
LOS ANGELES,LOS ANGELES,BURBANK BL/HJELTE SPORT CENTER PRIVATE ROAD,-118.48624,34.168227,BURBANK BL,HJELTE SPORT CENTER PRIVATE ROAD,2.0,1.0,0.0,0.0,0.0,0.0,2.0,1.0,0.0,0.0,0.0,0.0
LOS ANGELES,LOS ANGELES,CROCKER ST/E VERNON AV,-118.26873016357422,34.003860473632805,CROCKER ST,E VERNON AV,2.0,1.0,2.0,1.0,0.0,0.0,2.0,1.0,2.0,1.0,0.0,0.0
LOS ANGELES,LOS ANGELES,66TH PL/CRENSHAW BL,-118.33093075666666,33.97871833,66TH PL,CRENSHAW BL,2.0,0.0,0.0,0.0,0.0,0.0,2.0,5.0,0.0,0.0,0.0,0.0
LOS ANGELES,LOS ANGELES,POLLARD ST/SAN PASCUAL AV,-118.17314910888672,34.117679595947266,POLLARD ST,SAN PASCUAL AV,2.0,0.0,0.0,0.0,0.0,0.0,2.0,0.0,0.0,0.0,0.0,0.0
LOS ANGELES,LOS ANGELES,BEVERLY BL/N IRVING BL,,,BEVERLY BL,N IRVING BL,2.0,0.0,0.0,0.0,0.0,0.0,2.0,0.0,0.0,0.0,0.0,0.0
LOS ANGELES,LOS ANGELES,62ND ST/SAINT ANDREWS PL,,,62ND ST,SAINT ANDREWS PL,2.0,0.0,0.0,0.0,0.0,0.0,2.0,0.0,0.0,0.0,0.0,0.0
LOS ANGELES,LOS ANGELES,OBAMA BL/S LA CIENEGA BL,-118.3723602294922,34.02170181274414,OBAMA BL,S LA CIENEGA BL,2.0,0.0,2.0,0.0,0.0,0.0,2.0,0.0,2.0,0.0,0.0,0.0
LOS ANGELES,LOS ANGELES,EAGLE ROCK BL/W AVE 35,-118.2361297607422,34.114891052246094,EAGLE ROCK BL,W AVE 35,2.0,0.0,0.0,0.0,0.0,0.0,2.0,1.0,0.0,0.0,0.0,0.0
LOS ANGELES,LOS ANGELES,VAN NUYS BL/VANOWEN ST,-118.44873602576403,34.19391302165345,VAN NUYS BL,VANOWEN ST,1.0,61.0,0.0,5.0,0.0,4.0,1.0,113.0,0.0,8.0,0.0,8.0
LOS ANGELES,LOS ANGELES,BALBOA BL/SHERMAN WY,-118.50113636863897,34.201228867338685,BALBOA BL,SHERMAN WY,1.0,47.0,0.0,2.0,0.0,1.0,1.0,101.0,0.0,3.0,0.0,2.0
LOS ANGELES,LOS ANGELES,DE SOTO AV/VANOWEN ST,-118.58842374264177,34.1937871906543,DE SOTO AV,VANOWEN ST,1.0,47.0,0.0,1.0,0.0,0.0,1.0,90.0,0.0,5.0,0.0,0.0
LOS ANGELES,LOS ANGELES,MANCHESTER AV/VERMONT AV,-118.29177631721764,33.960020589613826,MANCHESTER AV,VERMONT AV,1.0,46.0,1.0,2.0,0.0,4.0,2.0,96.0,1.0,9.0,0.0,7.0
LOS ANGELES,LOS ANGELES,TERRA BELLA ST/WOODMAN AV,-118.44352748687498,34.23992442097567,TERRA BELLA ST,WOODMAN AV,1.0,46.0,1.0,2.0,0.0,1.0,1.0,90.0,1.0,2.0,0.0,2.0
LOS ANGELES,LOS ANGELES,CORBIN AV/NORDHOFF ST,-118.56230624248394,34.23547831700962,CORBIN AV,NORDHOFF ST,1.0,45.0,0.0,2.0,0.0,0.0,1.0,95.0,0.0,3.0,0.0,0.0
LOS ANGELES,LOS ANGELES,BALBOA BL/LASSEN ST,-118.50239516780508,34.25026748064825,BALBOA BL,LASSEN ST,1.0,43.0,0.0,1.0,0.0,0.0,1.0,90.0,0.0,1.0,0.0,1.0
LOS ANGELES,LOS ANGELES,SEPULVEDA BL/VICTORY BL,-118.46617325931163,34.18665429360503,SEPULVEDA BL,VICTORY BL,1.0,40.0,0.0,0.0,0.0,1.0,1.0,71.0,0.0,2.0,0.0,2.0
LOS ANGELES,LOS ANGELES,AVALON BL/MANCHESTER AV,-118.26512400359668,33.96013182018368,AVALON BL,MANCHESTER AV,1.0,39.0,1.0,4.0,0.0,1.0,1.0,80.0,1.0,11.0,0.0,3.0
LOS ANGELES,LOS ANGELES,CHATSWORTH ST/TAMPA AV,-118.55528516626813,34.26625585847167,CHATSWORTH ST,TAMPA AV,1.0,39.0,0.0,0.0,0.0,0.0,2.0,86.0,0.0,0.0,0.0,0.0
LOS ANGELES,LOS ANGELES,FLORENCE AV/MAIN ST,-118.27394128728871,33.97468041838379,FLORENCE AV,MAIN ST,1.0,39.0,0.0,4.0,0.0,2.0,1.0,69.0,0.0,7.0,0.0,4.0
LOS ANGELES,LOS ANGELES,MANCHESTER AV/WESTERN AV,-118.30901311495141,33.959969786929314,MANCHESTER AV,WESTERN AV,1.0,38.0,0.0,3.0,0.0,1.0,1.0,68.0,0.0,6.0,0.0,1.0
LOS ANGELES,LOS ANGELES,PARTHENIA ST/WINNETKA AV,-118.57105757519605,34.22821484171525,PARTHENIA ST,WINNETKA AV,1.0,37.0,0.0,1.0,0.0,2.0,1.0,74.0,0.0,3.0,0.0,2.0
LOS ANGELES,LOS ANGELES,ROSCOE BL/WILLIS AV,-118.45531926860046,34.22148104586853,ROSCOE BL,WILLIS AV,1.0,36.0,0.0,2.0,0.0,0.0,1.0,64.0,0.0,6.0,0.0,0.0
LOS ANGELES,LOS ANGELES,HOOVER ST/MANCHESTER AV,-118.287053360649,33.96004902150167,HOOVER ST,MANCHESTER AV,1.0,33.0,0.0,2.0,0.0,2.0,1.0,72.0,0.0,4.0,0.0,5.0
LOS ANGELES,LOS ANGELES,VANOWEN ST/WOODLEY AV,-118.48365684092802,34.193906325227275,VANOWEN ST,WOODLEY AV,1.0,32.0,0.0,4.0,0.0,1.0,1.0,65.0,0.0,5.0,0.0,3.0
LOS ANGELES,LOS ANGELES,COMPTON AV/IMPERIAL HWY,-118.24627874639359,33.929485221808235,COMPTON AV,IMPERIAL HWY,1.0,31.0,1.0,0.0,0.0,1.0,1.0,79.0,1.0,2.0,0.0,1.0
LOS ANGELES,LOS ANGELES,HASKELL AV/PARTHENIA ST,-118.47639855753022,34.228321946507364,HASKELL AV,PARTHENIA ST,1.0,31.0,0.0,2.0,0.0,1.0,3.0,50.0,0.0,3.0,0.0,2.0
LOS ANGELES,LOS ANGELES,83RD ST/NORMANDIE AV,-118.30028597144471,33.980114312103574,83RD ST,NORMANDIE AV,1.0,30.0,1.0,5.0,0.0,0.0,2.0,64.0,2.0,6.0,0.0,1.0
LOS ANGELES,LOS ANGELES,ROSCOE BL/VENTURA CANYON AV,-118.42881369820964,34.221663707200285,ROSCOE BL,VENTURA CANYON AV,1.0,30.0,1.0,4.0,0.0,0.0,1.0,75.0,1.0,8.0,0.0,1.0
LOS ANGELES,LOS ANGELES,HAYVENHURST AV/NORDHOFF ST,-118.49380011611763,34.23568954964409,HAYVENHURST AV,NORDHOFF ST,1.0,29.0,0.0,1.0,0.0,0.0,1.0,64.0,0.0,2.0,0.0,0.0
LOS ANGELES,LOS ANGELES,CRENSHAW BL/HYDE PARK BL,-118.33088782507272,33.98061856604459,CRENSHAW BL,HYDE PARK BL,1.0,29.0,1.0,5.0,0.0,0.0,1.0,66.0,1.0,11.0,0.0,0.0
LOS ANGELES,LOS ANGELES,VERNON AV/WESTERN AV,-118.3089322191959,34.00371807945551,VERNON AV,WESTERN AV,1.0,28.0,0.0,6.0,0.0,0.0,1.0,61.0,0.0,13.0,0.0,2.0
LOS ANGELES,LOS ANGELES,DEVONSHIRE ST/MASON AV,-118.57984746889198,34.25725815528795,DEVONSHIRE ST,MASON AV,1.0,27.0,0.0,0.0,0.0,2.0,1.0,60.0,0.0,2.0,0.0,4.0
LOS ANGELES,LOS ANGELES,LAUREL CANYON BL/OXNARD ST,-118.39652714973631,34.17941554990926,LAUREL CANYON BL,OXNARD ST,1.0,27.0,0.0,0.0,0.0,1.0,1.0,40.0,0.0,1.0,0.0,3.0
LOS ANGELES,LOS ANGELES,GAGE AV/NORMANDIE AV,-118.3002611451069,33.98234154648951,GAGE AV,NORMANDIE AV,1.0,27.0,0.0,1.0,0.0,0.0,1.0,61.0,0.0,3.0,0.0,0.0
LOS ANGELES,LOS ANGELES,LASSEN ST/WINNETKA AV,-118.57122146261155,34.24998485052195,LASSEN ST,WINNETKA AV,1.0,27.0,0.0,0.0,0.0,0.0,2.0,66.0,0.0,1.0,0.0,1.0
LOS ANGELES,LOS ANGELES,108TH ST/CENTRAL AV,-118.25420490572115,33.93819033701473,108TH ST,CENTRAL AV,1.0,26.0,1.0,3.0,0.0,1.0,1.0,54.0,1.0,9.0,0.0,3.0
LOS ANGELES,LOS ANGELES,CEDROS AV/NORDHOFF ST,-118.45355227101854,34.23543727622179,CEDROS AV,NORDHOFF ST,1.0,25.0,0.0,2.0,0.0,0.0,1.0,45.0,0.0,2.0,0.0,1.0
LOS ANGELES,LOS ANGELES,ETIWANDA AV/SHERMAN WY,-118.53168289118304,34.20115550235956,ETIWANDA AV,SHERMAN WY,1.0,25.0,1.0,4.0,0.0,1.0,1.0,37.0,1.0,6.0,0.0,1.0
LOS ANGELES,LOS ANGELES,SATICOY ST/WILBUR AV,-118.54479081481209,34.20836522001294,SATICOY ST,WILBUR AV,1.0,24.0,0.0,0.0,0.0,0.0,1.0,51.0,0.0,0.0,0.0,1.0
LOS ANGELES,LOS ANGELES,8TH ST/LORENA ST,-118.20483090279907,34.02157977001465,8TH ST,LORENA ST,1.0,24.0,0.0,0.0,1.0,0.0,1.0,26.0,0.0,0.0,1.0,0.0
LOS ANGELES,LOS ANGELES,VICTORY BL/VINELAND AV,-118.37032057113119,34.18668922928711,VICTORY BL,VINELAND AV,1.0,23.0,1.0,3.0,0.0,0.0,1.0,70.0,1.0,7.0,0.0,6.0
LOS ANGELES,LOS ANGELES,PARTHENIA ST/WOODLEY AV,-118.48514527290159,34.228377888943406,PARTHENIA ST,WOODLEY AV,1.0,22.0,0.0,0.0,0.0,0.0,1.0,68.0,0.0,1.0,0.0,1.0
LOS ANGELES,LOS ANGELES,79TH ST/HOOVER ST,-118.28711934781434,33.96782022144159,79TH ST,HOOVER ST,1.0,22.0,0.0,5.0,0.0,0.0,1.0,32.0,0.0,11.0,0.0,0.0
LOS ANGELES,LOS ANGELES,HASKELL AV/PLUMMER ST,-118.47626159029515,34.24284876429326,HASKELL AV,PLUMMER ST,1.0,22.0,1.0,1.0,0.0,0.0,2.0,53.0,1.0,1.0,0.0,1.0
LOS ANGELES,LOS ANGELES,120TH ST/AVALON BL,-118.26522912170937,33.9237085921539,120TH ST,AVALON BL,1.0,21.0,0.0,0.0,0.0,0.0,1.0,41.0,0.0,2.0,0.0,2.0
LOS ANGELES,LOS ANGELES,FLORENCE AV/NORMANDIE AV,-118.3003024465601,33.97457765049426,FLORENCE AV,NORMANDIE AV,1.0,21.0,0.0,0.0,0.0,0.0,1.0,86.0,0.0,1.0,0.0,2.0
LOS ANGELES,LOS ANGELES,CANOGA AV/ROSCOE BL,-118.59753008035938,34.21980061829922,CANOGA AV,ROSCOE BL,1.0,20.0,0.0,1.0,0.0,0.0,1.0,43.0,0.0,2.0,0.0,0.0
LOS ANGELES,LOS ANGELES,ROSCOE BL/SEPULVEDA BL,-118.46774102332495,34.221393393322636,ROSCOE BL,SEPULVEDA BL,1.0,19.0,0.0,1.0,1.0,3.0,1.0,35.0,0.0,2.0,1.0,5.0
LOS ANGELES,LOS ANGELES,ROSCOE BL/WOODLEY AV,-118.48366909051649,34.22133621829174,ROSCOE BL,WOODLEY AV,1.0,19.0,0.0,1.0,0.0,2.0,2.0,50.0,0.0,1.0,0.0,4.0
LOS ANGELES,LOS ANGELES,FALLBROOK AV/ROSCOE BL,-118.62349740367469,34.21939054669887,FALLBROOK AV,ROSCOE BL,1.0,18.0,0.0,0.0,0.0,0.0,1.0,56.0,0.0,0.0,0.0,0.0
LOS ANGELES,LOS ANGELES,FIGUEROA ST/FLORENCE AV,-118.28269281563382,33.97465759466387,FIGUEROA ST,FLORENCE AV,1.0,18.0,1.0,4.0,0.0,0.0,1.0,49.0,1.0,5.0,0.0,2.0
LOS ANGELES,LOS ANGELES,VENTURA BL/WINNETKA AV,-118.57095424304687,34.170974919547525,VENTURA BL,WINNETKA AV,1.0,18.0,0.0,0.0,0.0,0.0,1.0,42.0,0.0,1.0,0.0,0.0
LOS ANGELES,LOS ANGELES,PARTHENIA ST/RESEDA BL,-118.53608959837304,34.22824541964013,PARTHENIA ST,RESEDA BL,1.0,18.0,0.0,0.0,0.0,0.0,1.0,33.0,0.0,2.0,0.0,2.0
LOS ANGELES,LOS ANGELES,PACIFIC AV/ROSE AV,-118.47861801095704,33.99566674273763,PACIFIC AV,ROSE AV,1.0,17.0,0.0,1.0,1.0,1.0,1.0,52.0,0.0,7.0,1.0,3.0
LOS ANGELES,LOS ANGELES,NORMANDIE AV/VENICE BL,-118.30083874674347,34.04368321409897,NORMANDIE AV,VENICE BL,1.0,17.0,1.0,1.0,0.0,0.0,1.0,43.0,1.0,2.0,0.0,1.0
LOS ANGELES,LOS ANGELES,LA BREA AV/OBAMA BL,-118.35561370849608,34.02153015136719,LA BREA AV,OBAMA BL,1.0,17.0,1.0,4.0,0.0,1.0,1.0,17.0,1.0,4.0,0.0,1.0
LOS ANGELES,LOS ANGELES,54TH ST/BROADWAY,-118.27832279999998,33.993307291064454,54TH ST,BROADWAY,1.0,17.0,1.0,3.0,0.0,3.0,1.0,31.0,1.0,6.0,0.0,4.0
LOS ANGELES,LOS ANGELES,S HIGHLAND AV/W 3RD ST,-118.33863830566406,34.06890869140625,S HIGHLAND AV,W 3RD ST,1.0,17.0,0.0,0.0,0.0,0.0,1.0,17.0,0.0,0.0,0.0,0.0
LOS ANGELES,LOS ANGELES,ALVARADO ST/OLYMPIC BL,-118.27983910151815,34.05172479807907,ALVARADO ST,OLYMPIC BL,1.0,16.0,0.0,3.0,0.0,1.0,1.0,55.0,0.0,12.0,0.0,4.0
LOS ANGELES,LOS ANGELES,8TH AV/FLORENCE AV,-118.3265141783355,33.974548247161465,8TH AV,FLORENCE AV,1.0,16.0,1.0,2.0,0.0,0.0,1.0,31.0,1.0,4.0,0.0,0.0
LOS ANGELES,LOS ANGELES,S HOOVER ST/W MANCHESTER AV,-118.2870603288923,33.96005031040737,S HOOVER ST,W MANCHESTER AV,1.0,16.0,0.0,0.0,0.0,0.0,1.0,16.0,0.0,0.0,0.0,0.0
LOS ANGELES,LOS ANGELES,BUNDY DR/OCEAN PARK BL,-118.4463236333572,34.02446830062635,BUNDY DR,OCEAN PARK BL,1.0,16.0,0.0,0.0,0.0,0.0,1.0,43.0,0.0,1.0,0.0,5.0
LOS ANGELES,LOS ANGELES,APPERSON ST/FOOTHILL BL,-118.29949069315569,34.25598229823568,APPERSON ST,FOOTHILL BL,1.0,15.0,1.0,2.0,0.0,0.0,1.0,37.0,1.0,5.0,0.0,1.0
LOS ANGELES,LOS ANGELES,LINCOLN BL/VENICE BL,-118.45286555635415,33.99408022148003,LINCOLN BL,VENICE BL,1.0,15.0,1.0,5.0,0.0,2.0,1.0,26.0,1.0,6.0,0.0,5.0
LOS ANGELES,LOS ANGELES,E CESAR E CHAVEZ AV/N VIGNES ST,-118.23182678222656,34.056591796875,E CESAR E CHAVEZ AV,N VIGNES ST,1.0,15.0,1.0,3.0,0.0,1.0,1.0,15.0,1.0,3.0,0.0,1.0
LOS ANGELES,LOS ANGELES,LA CIENEGA BL/OBAMA BL,-118.3723601147461,34.021700906372075,LA CIENEGA BL,OBAMA BL,1.0,15.0,1.0,2.0,0.0,0.0,1.0,15.0,1.0,2.0,0.0,0.0
LOS ANGELES,LOS ANGELES,CORBIN AV/VENTURA BL,-118.56222754590856,34.172600683327545,CORBIN AV,VENTURA BL,1.0,14.0,0.0,2.0,0.0,0.0,1.0,41.0,0.0,2.0,0.0,2.0
LOS ANGELES,LOS ANGELES,3RD ST/FAIRFAX AV,-118.36143452256893,34.07153991911793,3RD ST,FAIRFAX AV,1.0,14.0,0.0,2.0,0.0,0.0,1.0,51.0,0.0,6.0,0.0,0.0
LOS ANGELES,LOS ANGELES,STONEHURST AV/SUNLAND BL,-118.36626855852539,34.24330372750489,STONEHURST AV,SUNLAND BL,1.0,14.0,1.0,0.0,0.0,0.0,1.0,20.0,1.0,0.0,0.0,0.0
LOS ANGELES,LOS ANGELES,LANGDON AV/NORDHOFF ST,-118.4697828462545,34.23554881490685,LANGDON AV,NORDHOFF ST,1.0,14.0,1.0,4.0,0.0,0.0,1.0,32.0,1.0,9.0,0.0,1.0
LOS ANGELES,LOS ANGELES,54TH ST/HOOVER ST,-118.28714657307535,33.993250956823324,54TH ST,HOOVER ST,1.0,14.0,0.0,5.0,0.0,0.0,1.0,48.0,0.0,7.0,0.0,1.0
LOS ANGELES,LOS ANGELES,CENTURY BL/COMPTON AV,-118.24623248497397,33.94573900221484,CENTURY BL,COMPTON AV,1.0,14.0,0.0,1.0,0.0,0.0,1.0,28.0,0.0,4.0,0.0,0.0
LOS ANGELES,LOS ANGELES,SANTA MONICA BL/SAWTELLE BL,-118.448435528774,34.04649071629482,SANTA MONICA BL,SAWTELLE BL,1.0,13.0,1.0,5.0,0.0,4.0,1.0,37.0,1.0,11.0,0.0,5.0
LOS ANGELES,LOS ANGELES,HIGHLAND AV/WILSHIRE BL,-118.33849802611546,34.06211615712818,HIGHLAND AV,WILSHIRE BL,1.0,13.0,0.0,1.0,0.0,1.0,1.0,34.0,0.0,4.0,0.0,2.0
LOS ANGELES,LOS ANGELES,RINALDI ST/SEPULVEDA BL,-118.46880222638788,34.279078806289824,RINALDI ST,SEPULVEDA BL,1.0,13.0,0.0,0.0,0.0,1.0,1.0,77.0,0.0,0.0,0.0,2.0
LOS ANGELES,LOS ANGELES,ALVARADO ST/BEVERLY BL,-118.27031863560848,34.06666806207932,ALVARADO ST,BEVERLY BL,1.0,13.0,0.0,1.0,0.0,0.0,2.0,44.0,1.0,4.0,0.0,1.0
LOS ANGELES,LOS ANGELES,NORDHOFF ST/PETIT AV,-118.49821405628093,34.2357316295516,NORDHOFF ST,PETIT AV,1.0,9.0,0.0,2.0,0.0,1.0,2.0,16.0,0.0,2.0,1.0,1.0
LOS ANGELES,LOS ANGELES,CRESCENT HEIGHTS BL/MELROSE AV,-118.36591212928194,34.083739002701634,CRESCENT HEIGHTS BL,MELROSE AV,1.0,9.0,0.0,0.0,0.0,0.0,2.0,19.0,0.0,1.0,0.0,0.0
LOS ANGELES,LOS ANGELES,ARLINGTON AV/MARTIN LUTHER KING BL,-118.31825079072428,34.010819278634436,ARLINGTON AV,MARTIN LUTHER KING BL,1.0,7.0,1.0,0.0,0.0,1.0,2.0,36.0,1.0,2.0,0.0,1.0
LOS ANGELES,LOS ANGELES,103RD ST/BROADWAY,-118.27839455255207,33.942822134228514,103RD ST,BROADWAY,1.0,6.0,1.0,0.0,0.0,0.0,2.0,7.0,2.0,0.0,0.0,0.0
LOS ANGELES,LOS ANGELES,52ND ST/FIGUEROA ST,-118.28270742900949,33.99573204732561,52ND ST,FIGUEROA ST,1.0,4.0,1.0,1.0,0.0,1.0,2.0,9.0,2.0,2.0,0.0,1.0
LOS ANGELES,LOS ANGELES,PICO BL/WILTON PL,-118.31449057478908,34.0471801003125,PICO BL,WILTON PL,1.0,3.0,1.0,2.0,0.0,0.0,2.0,7.0,2.0,5.0,0.0,1.0
LOS ANGELES,LOS ANGELES,ANAHEIM ST/MCFARLAND AV,-118.25254058837892,33.78050994873047,ANAHEIM ST,MCFARLAND AV,1.0,2.0,0.0,0.0,0.0,0.0,2.0,4.0,0.0,1.0,0.0,0.0
LOS ANGELES,LOS ANGELES,ODESSA AV/VANOWEN ST,-118.49024104719726,34.193920112749026,ODESSA AV,VANOWEN ST,1.0,2.0,0.0,0.0,0.0,0.0,2.0,7.0,1.0,0.0,0.0,1.0
LOS ANGELES,LOS ANGELES,BEVERLY BL/HUDSON AV,-118.33338956148437,34.076160300605466,BEVERLY BL,HUDSON AV,1.0,1.0,0.0,0.0,0.0,0.0,2.0,1.0,0.0,0.0,0.0,0.0
LOS ANGELES,LOS ANGELES,LINDLEY AV/VICTORY BL,-118.52728520330106,34.18660976282461,LINDLEY AV,VICTORY BL,0.0,82.0,0.0,0.0,0.0,1.0,0.0,133.0,0.0,1.0,0.0,3.0
LOS ANGELES,LOS ANGELES,HASKELL AV/NORDHOFF ST,-118.4763427105583,34.235567675467244,HASKELL AV,NORDHOFF ST,0.0,55.0,0.0,1.0,0.0,1.0,0.0,110.0,0.0,8.0,0.0,2.0
LOS ANGELES,LOS ANGELES,MASON AV/ROSCOE BL,-118.57978419943503,34.220084851894164,MASON AV,ROSCOE BL,0.0,55.0,0.0,1.0,0.0,2.0,0.0,103.0,0.0,4.0,0.0,2.0
LOS ANGELES,LOS ANGELES,RESEDA BL/ROSCOE BL,-118.53607909279899,34.22074020332782,RESEDA BL,ROSCOE BL,0.0,54.0,0.0,4.0,0.0,3.0,0.0,119.0,0.0,9.0,0.0,4.0
LOS ANGELES,LOS ANGELES,BALBOA BL/NORDHOFF ST,-118.50252659933035,34.23573176824405,BALBOA BL,NORDHOFF ST,0.0,52.0,0.0,0.0,0.0,0.0,0.0,102.0,0.0,2.0,0.0,0.0
LOS ANGELES,LOS ANGELES,KESTER AV/VICTORY BL,-118.45745394834633,34.18665876347396,KESTER AV,VICTORY BL,0.0,51.0,0.0,2.0,0.0,0.0,0.0,100.0,0.0,3.0,0.0,0.0
LOS ANGELES,LOS ANGELES,MASON AV/SHERMAN WY,-118.57973201036081,34.201025552272576,MASON AV,SHERMAN WY,0.0,51.0,0.0,4.0,0.0,0.0,0.0,100.0,0.0,4.0,0.0,1.0
LOS ANGELES,LOS ANGELES,FLORENCE AV/HOOVER ST,-118.27916234808511,33.97074708163896,FLORENCE AV,HOOVER ST,0.0,50.0,0.0,4.0,0.0,3.0,0.0,83.0,0.0,6.0,0.0,5.0
LOS ANGELES,LOS ANGELES,LINDLEY AV/ROSCOE BL,-118.52735872095737,34.22084642863265,LINDLEY AV,ROSCOE BL,0.0,50.0,0.0,0.0,0.0,1.0,2.0,103.0,0.0,2.0,0.0,1.0
LOS ANGELES,LOS ANGELES,KESTER AV/VANOWEN ST,-118.45744419941315,34.19391861860839,KESTER AV,VANOWEN ST,0.0,49.0,0.0,4.0,0.0,0.0,0.0,93.0,0.0,10.0,0.0,0.0
LOS ANGELES,LOS ANGELES,DE SOTO AV/NORDHOFF ST,-118.58854985770986,34.23547763120117,DE SOTO AV,NORDHOFF ST,0.0,47.0,0.0,3.0,0.0,1.0,0.0,86.0,0.0,3.0,0.0,1.0
LOS ANGELES,LOS ANGELES,BALBOA BL/SATICOY ST,-118.50116273631659,34.208416916062205,BALBOA BL,SATICOY ST,0.0,47.0,0.0,2.0,0.0,0.0,0.0,104.0,0.0,3.0,0.0,2.0
LOS ANGELES,LOS ANGELES,4TH ST/GAFFEY ST,-118.29232401636746,33.74061661672079,4TH ST,GAFFEY ST,0.0,47.0,0.0,1.0,0.0,0.0,0.0,109.0,0.0,3.0,0.0,0.0
LOS ANGELES,LOS ANGELES,ROSCOE BL/TAMPA AV,-118.55352973978418,34.22047598525358,ROSCOE BL,TAMPA AV,0.0,46.0,0.0,1.0,0.0,0.0,2.0,98.0,1.0,6.0,0.0,1.0
LOS ANGELES,LOS ANGELES,VICTORY BL/WHITSETT AV,-118.4052590302539,34.18667788003139,VICTORY BL,WHITSETT AV,0.0,46.0,0.0,1.0,0.0,0.0,0.0,96.0,0.0,3.0,0.0,1.0
LOS ANGELES,LOS ANGELES,RESEDA BL/SATICOY ST,-118.53605336504077,34.208403012951415,RESEDA BL,SATICOY ST,0.0,46.0,0.0,4.0,0.0,2.0,1.0,113.0,0.0,6.0,0.0,5.0
LOS ANGELES,LOS ANGELES,MANCHESTER AV/NORMANDIE AV,-118.3002728480917,33.96000465977299,MANCHESTER AV,NORMANDIE AV,0.0,45.0,0.0,1.0,0.0,2.0,0.0,104.0,0.0,4.0,0.0,2.0
LOS ANGELES,LOS ANGELES,RESEDA BL/VANOWEN ST,-118.53604307045572,34.19384902910717,RESEDA BL,VANOWEN ST,0.0,45.0,0.0,8.0,0.0,2.0,0.0,81.0,0.0,10.0,0.0,4.0
LOS ANGELES,LOS ANGELES,COLDWATER CANYON AV/VICTORY BL,-118.4138122873918,34.186680760836914,COLDWATER CANYON AV,VICTORY BL,0.0,43.0,0.0,3.0,0.0,0.0,0.0,97.0,0.0,10.0,0.0,1.0
LOS ANGELES,LOS ANGELES,CORBIN AV/PARTHENIA ST,-118.56229168273343,34.22822887157621,CORBIN AV,PARTHENIA ST,0.0,43.0,0.0,1.0,0.0,1.0,0.0,79.0,0.0,1.0,0.0,4.0
LOS ANGELES,LOS ANGELES,LOUISE AV/SHERMAN WY,-118.50982663509537,34.20121475503705,LOUISE AV,SHERMAN WY,0.0,43.0,0.0,4.0,0.0,0.0,1.0,59.0,0.0,4.0,0.0,0.0
LOS ANGELES,LOS ANGELES,HIGHLAND AV/PAT MOORE WY,-118.33622908430218,34.11138957108548,HIGHLAND AV,PAT MOORE WY,0.0,42.0,0.0,0.0,0.0,0.0,0.0,85.0,0.0,0.0,0.0,0.0
LOS ANGELES,LOS ANGELES,FULTON AV/VICTORY BL,-118.42250510081763,34.18667781685215,FULTON AV,VICTORY BL,0.0,42.0,0.0,3.0,0.0,0.0,0.0,84.0,0.0,7.0,0.0,0.0
LOS ANGELES,LOS ANGELES,SHOUP AV/VENTURA BL,-118.61448805427916,34.16877622159316,SHOUP AV,VENTURA BL,0.0,42.0,0.0,0.0,0.0,0.0,0.0,74.0,0.0,1.0,0.0,0.0
LOS ANGELES,LOS ANGELES,LINDLEY AV/SHERMAN WY,-118.52730880147583,34.20109836373291,LINDLEY AV,SHERMAN WY,0.0,41.0,0.0,1.0,0.0,0.0,0.0,95.0,0.0,4.0,0.0,1.0
LOS ANGELES,LOS ANGELES,LINDLEY AV/PARTHENIA ST,-118.52735252396991,34.22866413609844,LINDLEY AV,PARTHENIA ST,0.0,41.0,0.0,0.0,0.0,2.0,0.0,82.0,0.0,0.0,0.0,4.0
LOS ANGELES,LOS ANGELES,LASSEN ST/RESEDA BL,-118.5360925094831,34.24999830208025,LASSEN ST,RESEDA BL,0.0,41.0,0.0,2.0,0.0,0.0,0.0,72.0,0.0,2.0,0.0,3.0
LOS ANGELES,LOS ANGELES,ROSCOE BL/WILBUR AV,-118.54481739030625,34.220602405324996,ROSCOE BL,WILBUR AV,0.0,40.0,0.0,3.0,0.0,0.0,0.0,82.0,0.0,5.0,0.0,4.0
LOS ANGELES,LOS ANGELES,MAIN ST/MANCHESTER AV,-118.27388085459664,33.96008874199901,MAIN ST,MANCHESTER AV,0.0,40.0,0.0,2.0,0.0,1.0,1.0,84.0,0.0,4.0,0.0,5.0
LOS ANGELES,LOS ANGELES,FALLBROOK AV/VANOWEN ST,-118.62341022869792,34.193724582982306,FALLBROOK AV,VANOWEN ST,0.0,40.0,0.0,1.0,0.0,1.0,0.0,72.0,0.0,4.0,0.0,2.0
LOS ANGELES,LOS ANGELES,DEVONSHIRE ST/WOODLEY AV,-118.48484652920368,34.25741168272517,DEVONSHIRE ST,WOODLEY AV,0.0,40.0,0.0,1.0,0.0,0.0,1.0,66.0,1.0,1.0,0.0,2.0
LOS ANGELES,LOS ANGELES,IMPERIAL HWY/MAIN ST,-118.40275604450217,33.93140580005859,IMPERIAL HWY,MAIN ST,0.0,39.0,0.0,1.0,0.0,0.0,1.0,89.0,0.0,7.0,0.0,1.0
LOS ANGELES,LOS ANGELES,TAMPA AV/VICTORY BL,-118.55349482554543,34.18657260198189,TAMPA AV,VICTORY BL,0.0,38.0,0.0,3.0,0.0,0.0,0.0,105.0,0.0,5.0,0.0,2.0
LOS ANGELES,LOS ANGELES,FLORENCE AV/WESTERN AV,-118.29832999781095,33.97326655116958,FLORENCE AV,WESTERN AV,0.0,38.0,0.0,3.0,0.0,0.0,0.0,101.0,0.0,8.0,0.0,2.0
LOS ANGELES,LOS ANGELES,LASSEN ST/TAMPA AV,-118.55359524172643,34.249997910317944,LASSEN ST,TAMPA AV,0.0,38.0,0.0,0.0,0.0,0.0,0.0,104.0,0.0,1.0,0.0,1.0
LOS ANGELES,LOS ANGELES,BALBOA BL/VANOWEN ST,-118.50111681719473,34.193894689957325,BALBOA BL,VANOWEN ST,0.0,38.0,0.0,6.0,0.0,1.0,0.0,89.0,0.0,10.0,0.0,2.0
LOS ANGELES,LOS ANGELES,DEVONSHIRE ST/WOODMAN AV,-118.45425532073133,34.257196687730044,DEVONSHIRE ST,WOODMAN AV,0.0,38.0,0.0,2.0,0.0,1.0,0.0,69.0,0.0,2.0,0.0,1.0
LOS ANGELES,LOS ANGELES,RESEDA BL/VICTORY BL,-118.53602112937116,34.18657695486456,RESEDA BL,VICTORY BL,0.0,38.0,0.0,3.0,0.0,1.0,1.0,101.0,0.0,8.0,0.0,3.0
LOS ANGELES,LOS ANGELES,FLORENCE AV/VERMONT AV,-118.29175117116671,33.974628666364204,FLORENCE AV,VERMONT AV,0.0,37.0,0.0,4.0,0.0,0.0,1.0,88.0,1.0,7.0,0.0,5.0
LOS ANGELES,LOS ANGELES,COLDWATER CANYON AV/VANOWEN ST,-118.41380657637153,34.1939436070318,COLDWATER CANYON AV,VANOWEN ST,0.0,37.0,0.0,0.0,0.0,1.0,0.0,63.0,0.0,2.0,0.0,2.0
LOS ANGELES,LOS ANGELES,SLAUSON AV/WESTERN AV,-118.30895365934231,33.989144392616,SLAUSON AV,WESTERN AV,0.0,37.0,0.0,4.0,0.0,2.0,0.0,75.0,0.0,9.0,0.0,9.0
LOS ANGELES,LOS ANGELES,PLUMMER ST/VAN NUYS BL,-118.45023657198784,34.24267885097656,PLUMMER ST,VAN NUYS BL,0.0,37.0,0.0,1.0,0.0,2.0,0.0,68.0,0.0,2.0,0.0,2.0
LOS ANGELES,LOS ANGELES,SHERMAN WY/WINNETKA AV,-118.57100225944534,34.20110769546842,SHERMAN WY,WINNETKA AV,0.0,37.0,0.0,0.0,0.0,0.0,0.0,55.0,0.0,1.0,0.0,4.0
LOS ANGELES,LOS ANGELES,PLUMMER ST/WHITE OAK AV,-118.5199530415849,34.2431181213017,PLUMMER ST,WHITE OAK AV,0.0,36.0,0.0,0.0,0.0,0.0,0.0,61.0,0.0,0.0,0.0,0.0
LOS ANGELES,LOS ANGELES,HOOVER ST/VERNON AV,-118.28716783628515,34.00371847796264,HOOVER ST,VERNON AV,0.0,36.0,0.0,2.0,0.0,1.0,0.0,86.0,0.0,4.0,0.0,2.0
LOS ANGELES,LOS ANGELES,BELLINGHAM AV/VICTORY BL,-118.39874921349181,34.18666755177139,BELLINGHAM AV,VICTORY BL,0.0,36.0,0.0,2.0,0.0,0.0,0.0,60.0,0.0,4.0,0.0,1.0
LOS ANGELES,LOS ANGELES,SHOUP AV/VICTORY BL,-118.61459722770273,34.1864546670998,SHOUP AV,VICTORY BL,0.0,36.0,0.0,2.0,0.0,0.0,0.0,91.0,0.0,4.0,0.0,4.0
LOS ANGELES,LOS ANGELES,SHERMAN WY/TAMPA AV,-118.55349063155965,34.20115509948575,SHERMAN WY,TAMPA AV,0.0,36.0,0.0,1.0,0.0,3.0,0.0,74.0,0.0,2.0,0.0,3.0
LOS ANGELES,LOS ANGELES,LAUREL CANYON BL/PAXTON ST,-118.43845297501431,34.2647376668164,LAUREL CANYON BL,PAXTON ST,0.0,36.0,0.0,1.0,0.0,1.0,0.0,57.0,0.0,3.0,0.0,2.0
LOS ANGELES,LOS ANGELES,VAN NUYS BL/WOODMAN AV,-118.44818212929688,34.2470777482959,VAN NUYS BL,WOODMAN AV,0.0,36.0,0.0,1.0,0.0,1.0,1.0,68.0,0.0,3.0,0.0,1.0
LOS ANGELES,LOS ANGELES,CORBIN AV/SATICOY ST,-118.56227299606108,34.20833809181368,CORBIN AV,SATICOY ST,0.0,35.0,0.0,1.0,0.0,0.0,0.0,77.0,0.0,1.0,0.0,1.0
LOS ANGELES,LOS ANGELES,ROSCOE BL/WINNETKA AV,-118.57104735304752,34.22024093480762,ROSCOE BL,WINNETKA AV,0.0,35.0,0.0,1.0,0.0,0.0,0.0,105.0,0.0,3.0,0.0,2.0
LOS ANGELES,LOS ANGELES,VERMONT AV/VERNON AV,-118.29157095047853,34.00367802767218,VERMONT AV,VERNON AV,0.0,35.0,0.0,3.0,0.0,1.0,0.0,92.0,0.0,12.0,0.0,5.0
LOS ANGELES,LOS ANGELES,BROADWAY/IMPERIAL HWY,-118.27846543867622,33.93100350067296,BROADWAY,IMPERIAL HWY,0.0,35.0,0.0,2.0,0.0,0.0,1.0,76.0,1.0,2.0,0.0,0.0
LOS ANGELES,LOS ANGELES,BEVERLY BL/HIGHLAND AV,-118.33865706209558,34.07618864559781,BEVERLY BL,HIGHLAND AV,0.0,35.0,0.0,0.0,0.0,0.0,0.0,66.0,0.0,1.0,0.0,0.0
LOS ANGELES,LOS ANGELES,DE SOTO AV/SATICOY ST,-118.58848175592252,34.208319115297854,DE SOTO AV,SATICOY ST,0.0,34.0,0.0,0.0,0.0,2.0,1.0,88.0,0.0,2.0,0.0,3.0
LOS ANGELES,LOS ANGELES,5TH ST/FIGUEROA ST,-118.25871385187565,34.05015213839388,5TH ST,FIGUEROA ST,0.0,34.0,0.0,3.0,0.0,0.0,0.0,54.0,0.0,4.0,0.0,1.0
LOS ANGELES,LOS ANGELES,BURBANK BL/RESEDA BL,-118.5360037108125,34.17234225701734,BURBANK BL,RESEDA BL,0.0,33.0,0.0,3.0,0.0,0.0,0.0,69.0,0.0,6.0,0.0,1.0
LOS ANGELES,LOS ANGELES,LASSEN ST/MASON AV,-118.57980442710715,34.24998079528069,LASSEN ST,MASON AV,0.0,33.0,0.0,0.0,0.0,2.0,0.0,65.0,0.0,0.0,0.0,3.0
LOS ANGELES,LOS ANGELES,LINDLEY AV/SATICOY ST,-118.52734379785716,34.20839879562849,LINDLEY AV,SATICOY ST,0.0,33.0,0.0,0.0,0.0,0.0,0.0,75.0,0.0,0.0,0.0,2.0
LOS ANGELES,LOS ANGELES,HASKELL AV/VANOWEN ST,-118.47488987919766,34.19391023390213,HASKELL AV,VANOWEN ST,0.0,33.0,0.0,1.0,0.0,1.0,0.0,77.0,0.0,1.0,0.0,5.0
LOS ANGELES,LOS ANGELES,MASON AV/SATICOY ST,-118.57973563505152,34.20833362656168,MASON AV,SATICOY ST,0.0,33.0,0.0,6.0,0.0,0.0,0.0,55.0,0.0,7.0,0.0,1.0
LOS ANGELES,LOS ANGELES,NORDHOFF ST/WOODLEY AV,-118.48506680320658,34.235635722203575,NORDHOFF ST,WOODLEY AV,0.0,33.0,0.0,4.0,0.0,1.0,0.0,82.0,0.0,8.0,0.0,1.0
LOS ANGELES,LOS ANGELES,AVALON BL/CENTURY BL,-118.26518076207607,33.94560896751049,AVALON BL,CENTURY BL,0.0,33.0,0.0,3.0,0.0,0.0,0.0,60.0,0.0,4.0,0.0,2.0
LOS ANGELES,LOS ANGELES,MAGNOLIA BL/WOODMAN AV,-118.43125609128056,34.16486912228063,MAGNOLIA BL,WOODMAN AV,0.0,33.0,0.0,0.0,0.0,0.0,0.0,64.0,0.0,1.0,0.0,0.0
LOS ANGELES,LOS ANGELES,ROSCOE BL/WHITE OAK AV,-118.51863035004942,34.22099795241211,ROSCOE BL,WHITE OAK AV,0.0,33.0,0.0,2.0,0.0,2.0,0.0,63.0,0.0,3.0,0.0,4.0
LOS ANGELES,LOS ANGELES,HAZELTINE AV/VICTORY BL,-118.43998263245848,34.18665867247559,HAZELTINE AV,VICTORY BL,0.0,33.0,0.0,1.0,0.0,2.0,0.0,58.0,0.0,2.0,0.0,2.0
LOS ANGELES,LOS ANGELES,VAN NUYS BL/VICTORY BL,-118.44873697838551,34.18666581920882,VAN NUYS BL,VICTORY BL,0.0,32.0,0.0,6.0,0.0,3.0,1.0,122.0,0.0,9.0,0.0,4.0
LOS ANGELES,LOS ANGELES,HAUSER BL/VENICE BL,-118.35861630367457,34.04397462889345,HAUSER BL,VENICE BL,0.0,32.0,0.0,2.0,0.0,1.0,0.0,57.0,0.0,4.0,0.0,1.0
LOS ANGELES,LOS ANGELES,SHERMAN WY/WOODLEY AV,-118.48368216239889,34.20118045235295,SHERMAN WY,WOODLEY AV,0.0,32.0,0.0,1.0,0.0,0.0,0.0,62.0,0.0,3.0,0.0,2.0
LOS ANGELES,LOS ANGELES,BURBANK BL/VINELAND AV,-118.3703025621607,34.172165681643975,BURBANK BL,VINELAND AV,0.0,32.0,0.0,1.0,0.0,2.0,0.0,60.0,0.0,2.0,0.0,5.0
LOS ANGELES,LOS ANGELES,6TH ST/HIGHLAND AV,-118.35243909697411,34.03610680438476,6TH ST,HIGHLAND AV,0.0,32.0,0.0,0.0,0.0,0.0,0.0,63.0,0.0,0.0,0.0,0.0
LOS ANGELES,LOS ANGELES,LASSEN ST/SEPULVEDA BL,-118.46754772328408,34.25003400186062,LASSEN ST,SEPULVEDA BL,0.0,32.0,0.0,2.0,0.0,1.0,0.0,84.0,0.0,6.0,0.0,3.0
LOS ANGELES,LOS ANGELES,CORBIN AV/DEVONSHIRE ST,-118.56232024755347,34.25724290057822,CORBIN AV,DEVONSHIRE ST,0.0,32.0,0.0,0.0,0.0,1.0,0.0,61.0,0.0,0.0,0.0,2.0
LOS ANGELES,LOS ANGELES,CHATSWORTH ST/RESEDA BL,-118.53611257707684,34.2645355459106,CHATSWORTH ST,RESEDA BL,0.0,31.0,0.0,0.0,0.0,0.0,0.0,92.0,0.0,0.0,0.0,0.0
LOS ANGELES,LOS ANGELES,DE SOTO AV/PARTHENIA ST,-118.58852992174762,34.22820191113091,DE SOTO AV,PARTHENIA ST,0.0,31.0,0.0,4.0,0.0,0.0,0.0,72.0,0.0,5.0,0.0,2.0
LOS ANGELES,LOS ANGELES,SHERMAN WY/WHITE OAK AV,-118.51860782406399,34.20120910395846,SHERMAN WY,WHITE OAK AV,0.0,31.0,0.0,1.0,0.0,1.0,0.0,54.0,0.0,2.0,0.0,2.0
LOS ANGELES,LOS ANGELES,BALBOA BL/RINALDI ST,-118.50212497705324,34.27929429635111,BALBOA BL,RINALDI ST,0.0,31.0,0.0,0.0,0.0,0.0,0.0,77.0,0.0,0.0,0.0,1.0
LOS ANGELES,LOS ANGELES,HAYVENHURST AV/SAN FERNANDO MISSION BL,-118.49344415155761,34.27197181613861,HAYVENHURST AV,SAN FERNANDO MISSION BL,0.0,31.0,0.0,0.0,0.0,1.0,0.0,58.0,0.0,1.0,0.0,2.0
LOS ANGELES,LOS ANGELES,LOUISE AV/SATICOY ST,-118.50985013945447,34.20840648849307,LOUISE AV,SATICOY ST,0.0,31.0,0.0,0.0,0.0,2.0,0.0,51.0,0.0,1.0,0.0,3.0
LOS ANGELES,LOS ANGELES,BALBOA BL/PARTHENIA ST,-118.50258606913995,34.22850676763415,BALBOA BL,PARTHENIA ST,0.0,31.0,0.0,0.0,0.0,1.0,1.0,100.0,0.0,1.0,0.0,2.0
LOS ANGELES,LOS ANGELES,CRENSHAW BL/SLAUSON AV,-118.33092108178711,33.98900369934919,CRENSHAW BL,SLAUSON AV,0.0,30.0,0.0,4.0,0.0,1.0,0.0,74.0,0.0,7.0,0.0,1.0
LOS ANGELES,LOS ANGELES,PARTHENIA ST/SEPULVEDA BL,-118.46765943418016,34.2282678756543,PARTHENIA ST,SEPULVEDA BL,0.0,30.0,0.0,7.0,0.0,1.0,2.0,67.0,2.0,12.0,0.0,2.0
LOS ANGELES,LOS ANGELES,NORDHOFF ST/VAN NUYS BL,-118.45026128204674,34.23540439902175,NORDHOFF ST,VAN NUYS BL,0.0,30.0,0.0,3.0,0.0,4.0,0.0,80.0,0.0,5.0,0.0,4.0
LOS ANGELES,LOS ANGELES,AVALON BL/IMPERIAL HWY,-118.26518018359724,33.93104174353906,AVALON BL,IMPERIAL HWY,0.0,30.0,0.0,2.0,0.0,1.0,0.0,70.0,0.0,2.0,0.0,1.0
LOS ANGELES,LOS ANGELES,PLUMMER ST/TAMPA AV,-118.55359157346591,34.24273068795561,PLUMMER ST,TAMPA AV,0.0,30.0,0.0,0.0,0.0,1.0,0.0,93.0,0.0,0.0,0.0,1.0
LOS ANGELES,LOS ANGELES,NOBLE AV/NORDHOFF ST,-118.46099346616003,34.23547899381452,NOBLE AV,NORDHOFF ST,0.0,29.0,0.0,2.0,0.0,0.0,2.0,60.0,0.0,3.0,0.0,0.0
LOS ANGELES,LOS ANGELES,BROADWAY/MANCHESTER AV,-118.27827724849406,33.96008070266837,BROADWAY,MANCHESTER AV,0.0,29.0,0.0,2.0,0.0,1.0,1.0,72.0,0.0,4.0,0.0,5.0
LOS ANGELES,LOS ANGELES,LAUREL CANYON BL/VICTORY BL,-118.39651152475972,34.18667826877354,LAUREL CANYON BL,VICTORY BL,0.0,28.0,0.0,2.0,0.0,2.0,0.0,81.0,0.0,4.0,0.0,2.0
LOS ANGELES,LOS ANGELES,VICTORY BL/WOODMAN AV,-118.43125961009571,34.18667672178076,VICTORY BL,WOODMAN AV,0.0,28.0,0.0,0.0,0.0,0.0,0.0,72.0,0.0,2.0,0.0,3.0
LOS ANGELES,LOS ANGELES,SHERMAN WY/WOODMAN AV,-118.43124566319355,34.20118656903412,SHERMAN WY,WOODMAN AV,0.0,28.0,0.0,0.0,0.0,1.0,1.0,100.0,1.0,8.0,0.0,2.0
LOS ANGELES,LOS ANGELES,HOOVER ST/IMPERIAL HWY,-118.28698095044471,33.93098235344013,HOOVER ST,IMPERIAL HWY,0.0,27.0,0.0,2.0,0.0,0.0,2.0,51.0,1.0,2.0,0.0,2.0
LOS ANGELES,LOS ANGELES,COLFAX AV/OXNARD ST,-118.38779826748046,34.17940840784463,COLFAX AV,OXNARD ST,0.0,27.0,0.0,0.0,0.0,1.0,0.0,75.0,0.0,2.0,0.0,1.0
LOS ANGELES,LOS ANGELES,FALLBROOK AV/SHERMAN WY,-118.62342006444402,34.20099060895486,FALLBROOK AV,SHERMAN WY,0.0,26.0,0.0,0.0,0.0,1.0,0.0,75.0,0.0,1.0,0.0,1.0
LOS ANGELES,LOS ANGELES,GOWER ST/HOLLYWOOD BL,-118.32238611228516,34.10164772317444,GOWER ST,HOLLYWOOD BL,0.0,26.0,0.0,5.0,0.0,5.0,2.0,51.0,0.0,7.0,0.0,9.0
LOS ANGELES,LOS ANGELES,VICTORY BL/WHITE OAK AV,-118.51849284676314,34.186620655060224,VICTORY BL,WHITE OAK AV,0.0,26.0,0.0,1.0,0.0,0.0,0.0,92.0,0.0,1.0,0.0,0.0
LOS ANGELES,LOS ANGELES,RIVERSIDE DR/VINELAND AV,-118.37035964557934,34.152408024269384,RIVERSIDE DR,VINELAND AV,0.0,26.0,0.0,0.0,0.0,0.0,0.0,92.0,0.0,1.0,0.0,1.0
LOS ANGELES,LOS ANGELES,ADAMS BL/CRENSHAW BL,-118.33502916673652,34.03257391482155,ADAMS BL,CRENSHAW BL,0.0,26.0,0.0,2.0,0.0,0.0,0.0,74.0,0.0,3.0,0.0,0.0
LOS ANGELES,LOS ANGELES,NORDHOFF ST/SEPULVEDA BL,-118.46772086022756,34.23552460135932,NORDHOFF ST,SEPULVEDA BL,0.0,26.0,0.0,7.0,0.0,1.0,0.0,89.0,0.0,17.0,0.0,5.0
LOS ANGELES,LOS ANGELES,DEVONSHIRE ST/TAMPA AV,-118.55362034646483,34.25725776992631,DEVONSHIRE ST,TAMPA AV,0.0,25.0,0.0,0.0,0.0,0.0,0.0,78.0,0.0,1.0,0.0,1.0
LOS ANGELES,LOS ANGELES,VICTORY BL/WILBUR AV,-118.5447476839583,34.1865810119361,VICTORY BL,WILBUR AV,0.0,24.0,0.0,0.0,0.0,0.0,0.0,75.0,0.0,0.0,0.0,1.0
LOS ANGELES,LOS ANGELES,FULTON AV/OXNARD ST,-118.42251693597818,34.179395163384605,FULTON AV,OXNARD ST,0.0,24.0,0.0,0.0,0.0,1.0,0.0,76.0,0.0,0.0,0.0,2.0
LOS ANGELES,LOS ANGELES,BALBOA BL/PLUMMER ST,-118.50246383158371,34.2430093663058,BALBOA BL,PLUMMER ST,0.0,24.0,0.0,1.0,0.0,1.0,0.0,77.0,0.0,1.0,0.0,2.0
LOS ANGELES,LOS ANGELES,SATICOY ST/WINNETKA AV,-118.5710073164453,34.20835563744184,SATICOY ST,WINNETKA AV,0.0,22.0,0.0,1.0,0.0,0.0,0.0,75.0,0.0,5.0,0.0,1.0
LOS ANGELES,LOS ANGELES,6TH ST/VERMONT AV,-118.29163788101708,34.060631617828776,6TH ST,VERMONT AV,0.0,21.0,0.0,2.0,0.0,2.0,0.0,78.0,0.0,4.0,0.0,9.0
LOS ANGELES,LOS ANGELES,ARCADIA ST/MAIN ST,-118.24006414908783,34.05581111763962,ARCADIA ST,MAIN ST,0.0,21.0,0.0,0.0,0.0,0.0,0.0,78.0,0.0,1.0,0.0,0.0
LOS ANGELES,LOS ANGELES,PLATT AV/VANOWEN ST,-118.64249192448966,34.193244782226245,PLATT AV,VANOWEN ST,0.0,21.0,0.0,0.0,0.0,0.0,2.0,49.0,0.0,0.0,0.0,0.0
LOS ANGELES,LOS ANGELES,OLYMPIC BL/RIMPAU BL,-118.33373353406512,34.056899357949746,OLYMPIC BL,RIMPAU BL,0.0,21.0,0.0,0.0,0.0,0.0,0.0,71.0,0.0,0.0,0.0,0.0
LOS ANGELES,LOS ANGELES,LANGDON AV/ROSCOE BL,-118.46992678704501,34.22138792251576,LANGDON AV,ROSCOE BL,0.0,20.0,0.0,1.0,0.0,0.0,0.0,72.0,0.0,2.0,0.0,1.0
LOS ANGELES,LOS ANGELES,ARCADIA ST/LOS ANGELES ST,-118.23918744813953,34.0552766274061,ARCADIA ST,LOS ANGELES ST,0.0,19.0,0.0,0.0,0.0,0.0,0.0,73.0,0.0,0.0,0.0,0.0
LOS ANGELES,LOS ANGELES,59TH PL/BROADWAY,-118.27828990803485,33.98599946906551,59TH PL,BROADWAY,0.0,18.0,0.0,1.0,0.0,1.0,2.0,29.0,2.0,4.0,0.0,2.0
LOS ANGELES,LOS ANGELES,WILSHIRE BL/WILTON PL,-118.31421391439395,34.06168914420425,WILSHIRE BL,WILTON PL,0.0,18.0,0.0,1.0,0.0,1.0,0.0,81.0,0.0,7.0,0.0,4.0
LOS ANGELES,LOS ANGELES,LENNOX AV/ROSCOE BL,-118.44596274518818,34.22157837847656,LENNOX AV,ROSCOE BL,0.0,16.0,0.0,2.0,0.0,0.0,0.0,73.0,0.0,3.0,0.0,1.0
LOS ANGELES,LOS ANGELES,92ND ST/CENTRAL AV,-118.25646198078125,33.95327630966797,92ND ST,CENTRAL AV,0.0,15.0,0.0,2.0,0.0,1.0,2.0,44.0,0.0,2.0,0.0,2.0
LOS ANGELES,LOS ANGELES,CENTRAL AV/VERNON AV,-118.25649041710717,34.003930411794435,CENTRAL AV,VERNON AV,0.0,15.0,0.0,1.0,0.0,1.0,0.0,73.0,0.0,4.0,0.0,5.0
LOS ANGELES,LOS ANGELES,ANAHEIM ST/AVALON BL,-118.26245097041667,33.77997802462456,ANAHEIM ST,AVALON BL,0.0,9.0,0.0,1.0,0.0,0.0,2.0,32.0,0.0,4.0,1.0,1.0
LOS ANGELES,LOS ANGELES,3RD ST/WILTON PL,-118.31412400733154,34.06896495442709,3RD ST,WILTON PL,0.0,8.0,0.0,0.0,0.0,0.0,2.0,36.0,0.0,3.0,0.0,0.0
LOS ANGELES,LOS ANGELES,3RD ST/LA BREA AV,-118.34403175236079,34.0689024793498,3RD ST,LA BREA AV,0.0,8.0,0.0,1.0,0.0,1.0,2.0,38.0,1.0,4.0,0.0,1.0
LOS ANGELES,LOS ANGELES,CANTERBURY AV/VAN NUYS BL,-118.44528047942708,34.249210157259114,CANTERBURY AV,VAN NUYS BL,0.0,6.0,0.0,1.0,0.0,0.0,2.0,18.0,2.0,3.0,0.0,0.0
LOS ANGELES,LOS ANGELES,COLLINS ST/RESEDA BL,-118.53600713227097,34.174868545356894,COLLINS ST,RESEDA BL,0.0,4.0,0.0,1.0,0.0,0.0,3.0,12.0,0.0,4.0,1.0,0.0
LOS ANGELES,LOS ANGELES,CHATSWORTH ST/DE SOTO AV,-118.5885896440848,34.264497764087615,CHATSWORTH ST,DE SOTO AV,0.0,3.0,0.0,0.0,0.0,0.0,2.0,10.0,0.0,0.0,0.0,0.0
LOS ANGELES,LOS ANGELES,BARING CROSS ST/MANCHESTER AV,-118.28936848052082,33.960040700761716,BARING CROSS ST,MANCHESTER AV,0.0,3.0,0.0,1.0,0.0,0.0,3.0,8.0,0.0,2.0,0.0,0.0
LOS ANGELES,LOS ANGELES,BRANFORD ST/DORRINGTON AV,-118.42964180662841,34.22892769837525,BRANFORD ST,DORRINGTON AV,0.0,2.0,0.0,0.0,0.0,0.0,2.0,12.0,0.0,0.0,0.0,0.0
LOS ANGELES,LOS ANGELES,CENTRAL AV/GAGE AV,-118.25647641702795,33.98199735863118,CENTRAL AV,GAGE AV,0.0,2.0,0.0,0.0,0.0,0.0,2.0,22.0,0.0,0.0,0.0,3.0
LOS ANGELES,LOS ANGELES,GLENDALE BL/REVERE AV,-118.2588550778418,34.11997755027588,GLENDALE BL,REVERE AV,0.0,2.0,0.0,0.0,0.0,1.0,2.0,17.0,1.0,2.0,0.0,1.0
LOS ANGELES,LOS ANGELES,FOOTHILL BL/MCVINE AV,-118.31138467977866,34.25966675390408,FOOTHILL BL,MCVINE AV,0.0,2.0,0.0,1.0,0.0,0.0,2.0,12.0,0.0,2.0,1.0,1.0
LOS ANGELES,LOS ANGELES,OAKWOOD AV/WESTERN AV,-118.30915926142858,34.07755716142857,OAKWOOD AV,WESTERN AV,0.0,1.0,0.0,0.0,0.0,0.0,2.0,6.0,0.0,2.0,0.0,0.0
LOS ANGELES,LOS ANGELES,BARHAM BL/WC FIELDS DR,-118.34677124023438,34.1290397644043,BARHAM BL,WC FIELDS DR,0.0,1.0,0.0,0.0,0.0,0.0,2.0,3.0,0.0,0.0,0.0,0.0
LOS ANGELES,LOS ANGELES,OLYMPIC BL/ORME AV,-118.21775102160971,34.02337793829509,OLYMPIC BL,ORME AV,0.0,1.0,0.0,0.0,0.0,0.0,3.0,11.0,3.0,3.0,0.0,2.0
LOS ANGELES,LOS ANGELES,JASON AV/ROSCOE BL,-118.635486205,34.219212525,JASON AV,ROSCOE BL,,,,,,,2.0,0.0,2.0,0.0,0.0,0.0
LOS ANGELES,LOS ANGELES,IRVINE AV/SHERMAN WY,-118.38554006,34.20119011,IRVINE AV,SHERMAN WY,,,,,,,2.0,0.0,2.0,0.0,0.0,0.0
LOS ANGELES,LOS ANGELES,HASKELL AV/VINTAGE ST,,,HASKELL AV,VINTAGE ST,,,,,,,2.0,1.0,0.0,0.0,0.0,0.0
LOS ANGELES,LOS ANGELES,E 84TH ST/S MAIN ST,-118.27388008,33.96280007,E 84TH ST,S MAIN ST,,,,,,,2.0,2.0,0.0,0.0,0.0,0.0
