COUNTY,CITY,PRIMARY_RD,NUMBER_KILLED_last5,NUMBER_INJURED_last5,COUNT_PED_KILLED_last5,COUNT_PED_INJURED_last5,COUNT_BICYCLIST_KILLED_last5,COUNT_BICYCLIST_INJURED_last5,NUMBER_KILLED_last10,NUMBER_INJURED_last10,COUNT_PED_KILLED_last10,COUNT_PED_INJURED_last10,COUNT_BICYCLIST_KILLED_last10,COUNT_BICYCLIST_INJURED_last10
LOS ANGELES,LOS ANGELES,NORDHOFF ST,15.0,979.0,4.0,55.0,4.0,19.0,22.0,2225.0,6.0,107.0,4.0,58.0
LOS ANGELES,LOS ANGELES,BURBANK BL,4.0,763.0,1.0,59.0,0.0,21.0,12.0,1765.0,5.0,122.0,0.0,68.0
LOS ANGELES,LOS ANGELES,VAN NUYS BL,7.0,1393.0,2.0,95.0,0.0,68.0,21.0,3229.0,10.0,234.0,3.0,175.0
LOS ANGELES,LOS ANGELES,COBALT ST,1.0,8.0,0.0,2.0,0.0,0.0,1.0,16.0,0.0,2.0,0.0,1.0
LOS ANGELES,LOS ANGELES,VENTURA BL,11.0,1503.0,2.0,135.0,1.0,36.0,28.0,4059.0,9.0,300.0,1.0,122.0
LOS ANGELES,LOS ANGELES,PACIFIC AV,1.0,243.0,0.0,37.0,1.0,21.0,6.0,678.0,3.0,88.0,1.0,57.0
LOS ANGELES,LOS ANGELES,TOWNE AV,0.0,48.0,0.0,7.0,0.0,6.0,1.0,97.0,0.0,18.0,0.0,12.0
LOS ANGELES,LOS ANGELES,WESTERN AV,18.0,1586.0,13.0,189.0,0.0,71.0,43.0,4504.0,27.0,493.0,1.0,212.0
LOS ANGELES,LOS ANGELES,BEVERLY BL,9.0,729.0,5.0,72.0,0.0,37.0,21.0,1801.0,12.0,161.0,0.0,105.0
LOS ANGELES,LOS ANGELES,PICO BL,3.0,723.0,3.0,97.0,0.0,40.0,12.0,2384.0,9.0,284.0,0.0,193.0
LOS ANGELES,LOS ANGELES,EAGLE ROCK BL,4.0,110.0,2.0,10.0,0.0,8.0,5.0,302.0,3.0,27.0,0.0,26.0
LOS ANGELES,LOS ANGELES,VANOWEN ST,14.0,1548.0,4.0,101.0,1.0,36.0,29.0,3429.0,12.0,198.0,2.0,99.0
LOS ANGELES,LOS ANGELES,MARTIN LUTHER KING BL,2.0,179.0,1.0,15.0,0.0,10.0,4.0,633.0,3.0,49.0,0.0,40.0
LOS ANGELES,LOS ANGELES,MENLO AV,0.0,49.0,0.0,8.0,0.0,8.0,0.0,102.0,0.0,20.0,0.0,15.0
LOS ANGELES,LOS ANGELES,FAIRFAX AV,1.0,262.0,0.0,21.0,0.0,9.0,3.0,819.0,0.0,55.0,1.0,41.0
LOS ANGELES,LOS ANGELES,WILSHIRE BL,8.0,1023.0,6.0,105.0,0.0,48.0,19.0,2680.0,14.0,251.0,1.0,160.0
LOS ANGELES,LOS ANGELES,FLORENCE,0.0,122.0,0.0,11.0,0.0,4.0,1.0,241.0,0.0,17.0,0.0,9.0
LOS ANGELES,LOS ANGELES,IMPERIAL HWY,11.0,588.0,3.0,37.0,0.0,19.0,17.0,1337.0,5.0,86.0,0.0,40.0
LOS ANGELES,LOS ANGELES,WEST WASHINGTON BL,3.0,183.0,3.0,12.0,0.0,7.0,3.0,219.0,3.0,16.0,0.0,9.0
LOS ANGELES,LOS ANGELES,AVALON BL,18.0,851.0,11.0,102.0,1.0,38.0,32.0,1778.0,20.0,202.0,2.0,89.0
LOS ANGELES,LOS ANGELES,CULVER BL,2.0,165.0,1.0,6.0,0.0,5.0,7.0,435.0,5.0,17.0,0.0,12.0
LOS ANGELES,LOS ANGELES,MONTEREY RD,0.0,46.0,0.0,3.0,0.0,4.0,1.0,102.0,1.0,4.0,0.0,5.0
LOS ANGELES,LOS ANGELES,S HOOVER ST,5.0,199.0,1.0,21.0,0.0,10.0,6.0,242.0,2.0,24.0,0.0,16.0
LOS ANGELES,LOS ANGELES,PASADENA AV,0.0,69.0,0.0,5.0,0.0,4.0,1.0,185.0,1.0,13.0,0.0,11.0
LOS ANGELES,LOS ANGELES,LANKERSHIM BL,6.0,464.0,4.0,50.0,0.0,24.0,14.0,1167.0,9.0,121.0,0.0,78.0
LOS ANGELES,LOS ANGELES,7TH ST,2.0,355.0,1.0,80.0,1.0,62.0,7.0,989.0,5.0,188.0,1.0,173.0
LOS ANGELES,LOS ANGELES,PARTHENIA ST,9.0,654.0,2.0,35.0,0.0,20.0,17.0,1448.0,4.0,74.0,0.0,50.0
LOS ANGELES,LOS ANGELES,VINELAND AV,11.0,410.0,8.0,31.0,0.0,12.0,13.0,954.0,8.0,63.0,0.0,47.0
LOS ANGELES,LOS ANGELES,RESEDA BL,8.0,827.0,3.0,52.0,0.0,29.0,18.0,2007.0,5.0,121.0,0.0,96.0
LOS ANGELES,LOS ANGELES,VERNON AV,3.0,506.0,1.0,45.0,0.0,22.0,5.0,1303.0,3.0,126.0,0.0,80.0
LOS ANGELES,LOS ANGELES,PALMS BL,1.0,104.0,1.0,11.0,0.0,6.0,1.0,258.0,1.0,25.0,0.0,25.0
LOS ANGELES,LOS ANGELES,WASHINGTON BL,5.0,710.0,3.0,75.0,0.0,64.0,18.0,2022.0,8.0,178.0,1.0,171.0
LOS ANGELES,LOS ANGELES,ARLINGTON AV,3.0,367.0,1.0,28.0,0.0,7.0,6.0,939.0,1.0,49.0,0.0,22.0
LOS ANGELES,LOS ANGELES,CAHUENGA BL,2.0,317.0,0.0,19.0,0.0,11.0,4.0,837.0,1.0,63.0,0.0,28.0
LOS ANGELES,LOS ANGELES,ADAMS BL,5.0,435.0,1.0,45.0,1.0,28.0,11.0,1254.0,4.0,133.0,3.0,89.0
LOS ANGELES,LOS ANGELES,SATICOY ST,6.0,822.0,2.0,43.0,0.0,31.0,15.0,2018.0,5.0,112.0,0.0,73.0
LOS ANGELES,LOS ANGELES,ARLETA AV,0.0,131.0,0.0,2.0,0.0,4.0,1.0,309.0,0.0,13.0,0.0,7.0
LOS ANGELES,LOS ANGELES,VICTORY,0.0,58.0,0.0,2.0,0.0,0.0,0.0,116.0,0.0,5.0,0.0,2.0
LOS ANGELES,LOS ANGELES,S FIGUEROA ST,11.0,472.0,5.0,47.0,0.0,36.0,12.0,531.0,6.0,55.0,0.0,41.0
LOS ANGELES,LOS ANGELES,CENTURY BL,9.0,542.0,3.0,48.0,0.0,13.0,14.0,1181.0,6.0,95.0,1.0,38.0
LOS ANGELES,LOS ANGELES,SANTA MONICA BL,7.0,645.0,5.0,100.0,0.0,52.0,12.0,1592.0,7.0,196.0,0.0,126.0
LOS ANGELES,LOS ANGELES,FOOTHILL BL,25.0,731.0,5.0,56.0,1.0,14.0,40.0,1820.0,8.0,119.0,4.0,40.0
LOS ANGELES,LOS ANGELES,CENTRAL AV,10.0,869.0,7.0,77.0,0.0,44.0,24.0,2199.0,11.0,211.0,2.0,134.0
LOS ANGELES,LOS ANGELES,MAIN ST,5.0,796.0,4.0,84.0,1.0,59.0,8.0,1991.0,5.0,185.0,2.0,169.0
LOS ANGELES,LOS ANGELES,N CAHUENGA BL,0.0,63.0,0.0,6.0,0.0,2.0,0.0,76.0,0.0,6.0,0.0,2.0
LOS ANGELES,LOS ANGELES,FLORENCE AV,13.0,726.0,8.0,56.0,1.0,23.0,23.0,1847.0,13.0,135.0,1.0,64.0
LOS ANGELES,LOS ANGELES,WASHINGTON,0.0,38.0,0.0,1.0,0.0,1.0,0.0,98.0,0.0,8.0,0.0,8.0
LOS ANGELES,LOS ANGELES,ROSCOE BL,19.0,1501.0,7.0,69.0,1.0,34.0,46.0,3842.0,17.0,164.0,2.0,97.0
LOS ANGELES,LOS ANGELES,ROBERTSON BL,3.0,103.0,3.0,13.0,0.0,1.0,4.0,347.0,3.0,31.0,0.0,14.0
LOS ANGELES,LOS ANGELES,COLDWATER CANYON AV,4.0,332.0,3.0,14.0,1.0,2.0,5.0,708.0,3.0,24.0,2.0,16.0
LOS ANGELES,LOS ANGELES,5TH ST,1.0,137.0,0.0,52.0,0.0,11.0,1.0,368.0,0.0,105.0,0.0,43.0
LOS ANGELES,LOS ANGELES,OLYMPIC,0.0,48.0,0.0,1.0,0.0,2.0,0.0,146.0,0.0,9.0,0.0,9.0
LOS ANGELES,LOS ANGELES,SHOUP AV,2.0,141.0,0.0,10.0,0.0,2.0,3.0,359.0,1.0,17.0,0.0,7.0
LOS ANGELES,LOS ANGELES,BALBOA BL,13.0,886.0,5.0,36.0,0.0,15.0,14.0,2127.0,5.0,76.0,0.0,41.0
LOS ANGELES,LOS ANGELES,TAMPA AV,5.0,571.0,3.0,15.0,0.0,7.0,12.0,1517.0,5.0,47.0,0.0,28.0
LOS ANGELES,LOS ANGELES,LA CIENEGA BL,5.0,457.0,2.0,38.0,0.0,9.0,9.0,1504.0,5.0,91.0,0.0,39.0
LOS ANGELES,LOS ANGELES,OXNARD ST,3.0,514.0,3.0,24.0,0.0,13.0,8.0,1344.0,5.0,60.0,1.0,41.0
LOS ANGELES,LOS ANGELES,LA CIENEGA,1.0,34.0,0.0,2.0,0.0,0.0,1.0,133.0,0.0,5.0,0.0,3.0
LOS ANGELES,LOS ANGELES,VANALDEN AV,0.0,67.0,0.0,4.0,0.0,3.0,0.0,124.0,0.0,14.0,0.0,7.0
LOS ANGELES,LOS ANGELES,AIRPORT BL,1.0,43.0,1.0,5.0,0.0,3.0,2.0,150.0,1.0,16.0,1.0,6.0
LOS ANGELES,LOS ANGELES,NEW HAMPSHIRE AV,0.0,39.0,0.0,6.0,0.0,4.0,0.0,105.0,0.0,14.0,0.0,12.0
LOS ANGELES,LOS ANGELES,WOODLEY AV,3.0,335.0,0.0,18.0,1.0,14.0,8.0,865.0,3.0,35.0,1.0,37.0
LOS ANGELES,LOS ANGELES,SUNSET,0.0,38.0,0.0,9.0,0.0,3.0,0.0,143.0,0.0,20.0,0.0,12.0
LOS ANGELES,LOS ANGELES,CARSON ST,1.0,65.0,1.0,7.0,0.0,2.0,3.0,137.0,1.0,11.0,0.0,5.0
LOS ANGELES,LOS ANGELES,SAWTELLE BL,0.0,142.0,0.0,15.0,0.0,11.0,0.0,363.0,0.0,35.0,0.0,32.0
LOS ANGELES,LOS ANGELES,4TH ST,2.0,234.0,2.0,20.0,0.0,16.0,7.0,775.0,7.0,101.0,0.0,71.0
LOS ANGELES,LOS ANGELES,103RD ST,0.0,105.0,0.0,15.0,0.0,8.0,0.0,273.0,0.0,48.0,0.0,18.0
LOS ANGELES,LOS ANGELES,HOLLYWOOD BL,5.0,449.0,3.0,83.0,0.0,22.0,12.0,1180.0,7.0,208.0,1.0,70.0
LOS ANGELES,LOS ANGELES,VICTORY BL,12.0,1936.0,4.0,78.0,0.0,41.0,25.0,4764.0,10.0,193.0,0.0,122.0
LOS ANGELES,LOS ANGELES,VERMONT AV,13.0,1247.0,8.0,123.0,1.0,66.0,30.0,3742.0,21.0,355.0,1.0,280.0
LOS ANGELES,LOS ANGELES,HYPERION AV,2.0,65.0,1.0,6.0,0.0,3.0,2.0,205.0,1.0,11.0,0.0,8.0
LOS ANGELES,LOS ANGELES,WILMINGTON BL,2.0,108.0,1.0,10.0,1.0,5.0,3.0,202.0,2.0,14.0,1.0,10.0
LOS ANGELES,LOS ANGELES,BRONSON AV,0.0,39.0,0.0,8.0,0.0,2.0,1.0,129.0,1.0,22.0,0.0,17.0
LOS ANGELES,LOS ANGELES,CANOGA AV,5.0,283.0,0.0,17.0,0.0,14.0,7.0,734.0,2.0,31.0,0.0,31.0
LOS ANGELES,LOS ANGELES,SLAUSON AV,3.0,543.0,2.0,50.0,0.0,18.0,13.0,1287.0,7.0,116.0,1.0,61.0
LOS ANGELES,LOS ANGELES,SEPULVEDA BL,13.0,1177.0,8.0,98.0,0.0,45.0,35.0,3356.0,19.0,220.0,1.0,144.0
LOS ANGELES,LOS ANGELES,SAN PEDRO ST,1.0,454.0,1.0,66.0,0.0,20.0,4.0,1088.0,3.0,143.0,1.0,84.0
LOS ANGELES,LOS ANGELES,RODEO RD,0.0,75.0,0.0,7.0,0.0,4.0,2.0,346.0,1.0,22.0,0.0,13.0
LOS ANGELES,LOS ANGELES,SAN PEDRO,0.0,99.0,0.0,11.0,0.0,8.0,0.0,246.0,0.0,25.0,0.0,21.0
LOS ANGELES,LOS ANGELES,SUNSET BL,14.0,983.0,8.0,85.0,0.0,44.0,29.0,3307.0,13.0,284.0,0.0,203.0
LOS ANGELES,LOS ANGELES,DE SOTO AV,5.0,616.0,0.0,33.0,1.0,12.0,8.0,1354.0,0.0,56.0,1.0,31.0
LOS ANGELES,LOS ANGELES,FIGUEROA ST,16.0,1276.0,8.0,142.0,0.0,90.0,39.0,3316.0,24.0,352.0,3.0,279.0
LOS ANGELES,LOS ANGELES,TUJUNGA AV,2.0,185.0,1.0,13.0,0.0,1.0,6.0,440.0,2.0,27.0,1.0,11.0
LOS ANGELES,LOS ANGELES,CRENSHAW BL,17.0,765.0,11.0,71.0,1.0,23.0,28.0,1964.0,18.0,174.0,2.0,66.0
LOS ANGELES,LOS ANGELES,MARENGO ST,0.0,73.0,0.0,22.0,0.0,3.0,1.0,164.0,1.0,39.0,0.0,11.0
LOS ANGELES,LOS ANGELES,LA BREA AV,7.0,625.0,3.0,56.0,1.0,22.0,17.0,1811.0,5.0,149.0,1.0,61.0
LOS ANGELES,LOS ANGELES,8TH ST,2.0,420.0,2.0,58.0,0.0,32.0,5.0,1121.0,3.0,158.0,0.0,99.0
LOS ANGELES,LOS ANGELES,OLYMPIC BL,4.0,1052.0,2.0,78.0,1.0,47.0,22.0,3200.0,13.0,205.0,3.0,170.0
LOS ANGELES,LOS ANGELES,3RD ST,5.0,532.0,5.0,68.0,0.0,16.0,12.0,1811.0,8.0,198.0,0.0,79.0
LOS ANGELES,LOS ANGELES,LA BREA BL,0.0,20.0,0.0,5.0,0.0,0.0,0.0,84.0,0.0,7.0,0.0,5.0
LOS ANGELES,LOS ANGELES,W FLORENCE AV,6.0,182.0,2.0,19.0,0.0,5.0,6.0,210.0,2.0,24.0,0.0,6.0
LOS ANGELES,LOS ANGELES,W SLAUSON AV,6.0,144.0,1.0,5.0,0.0,4.0,6.0,169.0,1.0,8.0,0.0,7.0
LOS ANGELES,LOS ANGELES,VENICE BL,13.0,988.0,11.0,90.0,0.0,114.0,21.0,2451.0,13.0,206.0,0.0,285.0
LOS ANGELES,LOS ANGELES,CENTINELA AV,4.0,103.0,2.0,4.0,1.0,10.0,4.0,345.0,2.0,18.0,1.0,34.0
LOS ANGELES,LOS ANGELES,S VERMONT AV,10.0,379.0,4.0,36.0,0.0,18.0,10.0,418.0,4.0,42.0,0.0,20.0
LOS ANGELES,LOS ANGELES,BEVERLY GLEN BL,1.0,109.0,1.0,3.0,0.0,2.0,2.0,321.0,1.0,9.0,0.0,4.0
LOS ANGELES,LOS ANGELES,SHERMAN WY,8.0,1514.0,4.0,73.0,1.0,31.0,24.0,3334.0,10.0,178.0,2.0,93.0
LOS ANGELES,LOS ANGELES,WILBUR AV,4.0,219.0,1.0,8.0,0.0,4.0,5.0,562.0,1.0,20.0,1.0,15.0
LOS ANGELES,LOS ANGELES,STADIUM WY,1.0,86.0,0.0,4.0,0.0,2.0,1.0,156.0,0.0,8.0,0.0,5.0
LOS ANGELES,LOS ANGELES,SOTO ST,3.0,213.0,1.0,28.0,1.0,8.0,4.0,675.0,1.0,66.0,1.0,24.0
LOS ANGELES,LOS ANGELES,MANCHESTER AV,14.0,718.0,5.0,55.0,2.0,29.0,23.0,1793.0,8.0,131.0,2.0,86.0
LOS ANGELES,LOS ANGELES,SHERMAN WAY,2.0,334.0,0.0,17.0,0.0,13.0,5.0,898.0,0.0,39.0,0.0,42.0
LOS ANGELES,LOS ANGELES,HAZELTINE AV,1.0,206.0,1.0,12.0,0.0,5.0,3.0,470.0,3.0,20.0,0.0,16.0
LOS ANGELES,LOS ANGELES,MELROSE AV,5.0,493.0,3.0,56.0,0.0,13.0,6.0,1212.0,3.0,136.0,0.0,66.0
LOS ANGELES,LOS ANGELES,JEFFERSON,0.0,55.0,0.0,5.0,0.0,4.0,0.0,141.0,0.0,9.0,0.0,14.0
LOS ANGELES,LOS ANGELES,LAUREL CANYON BL,11.0,900.0,6.0,59.0,1.0,28.0,17.0,2172.0,7.0,122.0,1.0,64.0
LOS ANGELES,LOS ANGELES,MASON AV,4.0,293.0,1.0,12.0,0.0,7.0,5.0,654.0,2.0,23.0,0.0,17.0
LOS ANGELES,LOS ANGELES,DEVONSHIRE ST,3.0,542.0,1.0,20.0,0.0,19.0,5.0,1404.0,1.0,51.0,0.0,48.0
LOS ANGELES,LOS ANGELES,N VERMONT AV,2.0,107.0,2.0,20.0,0.0,8.0,2.0,145.0,2.0,22.0,0.0,15.0
LOS ANGELES,LOS ANGELES,LOS FELIZ BL,2.0,259.0,0.0,13.0,0.0,7.0,6.0,798.0,1.0,26.0,0.0,25.0
LOS ANGELES,LOS ANGELES,HART ST,1.0,51.0,1.0,6.0,0.0,6.0,1.0,129.0,1.0,21.0,0.0,17.0
LOS ANGELES,LOS ANGELES,HUBBARD ST,4.0,188.0,2.0,11.0,1.0,2.0,6.0,441.0,3.0,35.0,1.0,10.0
LOS ANGELES,LOS ANGELES,83RD ST,0.0,62.0,0.0,10.0,0.0,3.0,0.0,150.0,0.0,21.0,0.0,12.0
LOS ANGELES,LOS ANGELES,GRAND AV,1.0,163.0,0.0,28.0,1.0,24.0,3.0,497.0,0.0,83.0,2.0,63.0
LOS ANGELES,LOS ANGELES,1ST ST,1.0,227.0,1.0,33.0,0.0,21.0,2.0,601.0,2.0,91.0,0.0,60.0
LOS ANGELES,LOS ANGELES,LANARK ST,0.0,54.0,0.0,6.0,0.0,3.0,1.0,131.0,0.0,21.0,0.0,12.0
LOS ANGELES,LOS ANGELES,NORMANDIE AV,15.0,1025.0,10.0,88.0,0.0,29.0,31.0,2620.0,20.0,199.0,1.0,94.0
LOS ANGELES,LOS ANGELES,RAYMER ST,0.0,32.0,0.0,9.0,0.0,2.0,1.0,72.0,0.0,12.0,0.0,5.0
LOS ANGELES,LOS ANGELES,LINCOLN BL,3.0,374.0,0.0,33.0,0.0,26.0,6.0,855.0,2.0,68.0,0.0,55.0
LOS ANGELES,LOS ANGELES,HOOVER ST,5.0,603.0,2.0,68.0,0.0,37.0,10.0,1546.0,6.0,145.0,0.0,108.0
LOS ANGELES,LOS ANGELES,PIERCE ST,1.0,40.0,0.0,4.0,0.0,2.0,1.0,97.0,0.0,12.0,0.0,8.0
LOS ANGELES,LOS ANGELES,GAFFEY ST,3.0,285.0,2.0,14.0,0.0,10.0,6.0,850.0,4.0,64.0,0.0,27.0
LOS ANGELES,LOS ANGELES,JEFFERSON BL,3.0,471.0,2.0,38.0,0.0,39.0,9.0,1454.0,3.0,97.0,2.0,121.0
LOS ANGELES,LOS ANGELES,VAN NUYS,0.0,52.0,0.0,7.0,0.0,5.0,0.0,130.0,0.0,11.0,0.0,12.0
LOS ANGELES,LOS ANGELES,WESTWOOD BL,3.0,131.0,2.0,22.0,0.0,14.0,4.0,379.0,2.0,52.0,0.0,49.0
LOS ANGELES,LOS ANGELES,UNION AV,0.0,91.0,0.0,20.0,0.0,10.0,0.0,228.0,0.0,42.0,0.0,32.0
LOS ANGELES,LOS ANGELES,LORENA ST,1.0,70.0,0.0,2.0,1.0,3.0,2.0,199.0,1.0,12.0,1.0,13.0
LOS ANGELES,LOS ANGELES,GLENOAKS BL,3.0,396.0,2.0,21.0,0.0,13.0,8.0,985.0,5.0,47.0,1.0,29.0
LOS ANGELES,LOS ANGELES,FOUNTAIN AV,0.0,200.0,0.0,23.0,0.0,19.0,1.0,528.0,1.0,65.0,0.0,51.0
LOS ANGELES,LOS ANGELES,MCKINLEY AV,2.0,81.0,0.0,8.0,0.0,2.0,3.0,172.0,0.0,18.0,0.0,12.0
LOS ANGELES,LOS ANGELES,49TH ST,1.0,22.0,1.0,5.0,0.0,5.0,2.0,75.0,1.0,14.0,0.0,13.0
LOS ANGELES,LOS ANGELES,CHANDLER BL,1.0,111.0,0.0,4.0,0.0,15.0,2.0,258.0,0.0,22.0,0.0,31.0
LOS ANGELES,LOS ANGELES,PETIT AV,0.0,21.0,0.0,4.0,0.0,2.0,1.0,38.0,0.0,6.0,1.0,4.0
LOS ANGELES,LOS ANGELES,LASSEN ST,6.0,364.0,1.0,12.0,0.0,9.0,11.0,910.0,1.0,35.0,0.0,30.0
LOS ANGELES,LOS ANGELES,MANCHESTER,0.0,123.0,0.0,11.0,0.0,5.0,0.0,269.0,0.0,27.0,0.0,13.0
LOS ANGELES,LOS ANGELES,15TH ST,0.0,64.0,0.0,1.0,0.0,2.0,0.0,152.0,0.0,17.0,0.0,10.0
LOS ANGELES,LOS ANGELES,36TH ST,0.0,22.0,0.0,2.0,0.0,1.0,1.0,69.0,0.0,7.0,0.0,7.0
LOS ANGELES,LOS ANGELES,LAUREL CANYON,0.0,91.0,0.0,3.0,0.0,3.0,0.0,222.0,0.0,8.0,0.0,10.0
LOS ANGELES,LOS ANGELES,COLDWATER CANYON BL,0.0,33.0,0.0,4.0,0.0,1.0,0.0,154.0,0.0,7.0,0.0,3.0
LOS ANGELES,LOS ANGELES,S WILTON PL,2.0,49.0,1.0,5.0,0.0,1.0,2.0,56.0,1.0,6.0,0.0,1.0
LOS ANGELES,LOS ANGELES,WESTERN,0.0,93.0,0.0,10.0,0.0,6.0,0.0,295.0,0.0,30.0,0.0,18.0
LOS ANGELES,LOS ANGELES,SAN FERNANDO RD,13.0,508.0,6.0,23.0,0.0,18.0,24.0,1260.0,9.0,54.0,1.0,45.0
LOS ANGELES,LOS ANGELES,AMESTOY AV,0.0,17.0,0.0,3.0,0.0,0.0,1.0,45.0,1.0,6.0,0.0,3.0
LOS ANGELES,LOS ANGELES,STRATHERN ST,3.0,129.0,1.0,9.0,2.0,6.0,5.0,271.0,2.0,28.0,2.0,18.0
LOS ANGELES,LOS ANGELES,MISSION RD,1.0,78.0,0.0,3.0,0.0,6.0,3.0,284.0,0.0,11.0,0.0,13.0
LOS ANGELES,LOS ANGELES,WHITE OAK AV,2.0,241.0,1.0,11.0,0.0,5.0,7.0,573.0,5.0,23.0,0.0,19.0
LOS ANGELES,LOS ANGELES,KESTER AV,2.0,289.0,0.0,24.0,1.0,6.0,3.0,664.0,1.0,53.0,1.0,15.0
LOS ANGELES,LOS ANGELES,SUNSET BOULEVARD,1.0,5.0,0.0,1.0,0.0,0.0,1.0,5.0,0.0,1.0,0.0,0.0
LOS ANGELES,LOS ANGELES,MOORPARK ST,0.0,144.0,0.0,10.0,0.0,9.0,2.0,416.0,2.0,40.0,0.0,18.0
LOS ANGELES,LOS ANGELES,TOPANGA CANYON BL,4.0,465.0,2.0,19.0,0.0,8.0,9.0,1119.0,3.0,47.0,1.0,26.0
LOS ANGELES,LOS ANGELES,62ND ST,3.0,27.0,0.0,6.0,0.0,1.0,3.0,75.0,0.0,13.0,0.0,8.0
LOS ANGELES,LOS ANGELES,ALVARADO ST,2.0,210.0,0.0,35.0,0.0,8.0,6.0,769.0,3.0,115.0,1.0,41.0
LOS ANGELES,LOS ANGELES,114TH ST,1.0,18.0,0.0,5.0,0.0,1.0,1.0,43.0,0.0,8.0,0.0,3.0
LOS ANGELES,LOS ANGELES,FULTON AV,0.0,164.0,0.0,10.0,0.0,2.0,4.0,441.0,1.0,23.0,0.0,14.0
LOS ANGELES,LOS ANGELES,S NORMANDIE AV,3.0,258.0,3.0,25.0,0.0,9.0,3.0,294.0,3.0,27.0,0.0,10.0
LOS ANGELES,LOS ANGELES,ELMER AV,1.0,1.0,1.0,0.0,0.0,0.0,1.0,8.0,1.0,2.0,0.0,1.0
LOS ANGELES,LOS ANGELES,VALERIO ST,1.0,101.0,0.0,11.0,1.0,5.0,1.0,258.0,0.0,36.0,1.0,16.0
LOS ANGELES,LOS ANGELES,REDONDO BL,1.0,42.0,0.0,6.0,0.0,3.0,1.0,125.0,0.0,15.0,0.0,11.0
LOS ANGELES,LOS ANGELES,6TH ST,2.0,491.0,1.0,86.0,0.0,26.0,4.0,1579.0,2.0,247.0,0.0,115.0
LOS ANGELES,LOS ANGELES,FALLBROOK AV,1.0,207.0,1.0,3.0,0.0,5.0,1.0,504.0,1.0,13.0,0.0,17.0
LOS ANGELES,LOS ANGELES,W OLYMPIC BL,3.0,388.0,1.0,27.0,0.0,19.0,3.0,459.0,1.0,31.0,0.0,22.0
LOS ANGELES,LOS ANGELES,VENTURA CANYON AV,0.0,33.0,0.0,4.0,0.0,1.0,0.0,61.0,0.0,9.0,0.0,5.0
LOS ANGELES,LOS ANGELES,HAYVENHURST AV,2.0,175.0,0.0,10.0,0.0,3.0,6.0,413.0,0.0,17.0,1.0,9.0
LOS ANGELES,LOS ANGELES,S ALVARADO ST,2.0,69.0,2.0,9.0,0.0,9.0,3.0,94.0,3.0,15.0,0.0,11.0
LOS ANGELES,LOS ANGELES,HAUSER BL,0.0,93.0,0.0,9.0,0.0,8.0,2.0,198.0,0.0,24.0,1.0,21.0
LOS ANGELES,LOS ANGELES,BARRINGTON AV,0.0,82.0,0.0,14.0,0.0,7.0,1.0,378.0,1.0,33.0,0.0,25.0
LOS ANGELES,LOS ANGELES,PLUMMER ST,6.0,296.0,2.0,10.0,3.0,13.0,11.0,723.0,4.0,20.0,3.0,30.0
LOS ANGELES,LOS ANGELES,EAST 7TH ST,2.0,80.0,2.0,18.0,0.0,12.0,2.0,116.0,2.0,24.0,0.0,17.0
LOS ANGELES,LOS ANGELES,N SEPULVEDA BL,1.0,158.0,1.0,6.0,0.0,1.0,1.0,220.0,1.0,11.0,0.0,3.0
LOS ANGELES,LOS ANGELES,I-110 N/B (HARBOR FREEWAY),0.0,95.0,0.0,2.0,0.0,0.0,1.0,192.0,0.0,3.0,0.0,0.0
LOS ANGELES,LOS ANGELES,US-101 N/B (VENTURA FREEWAY),0.0,122.0,0.0,0.0,0.0,0.0,0.0,193.0,0.0,0.0,0.0,0.0
LOS ANGELES,LOS ANGELES,OXFORD AV,0.0,45.0,0.0,9.0,0.0,14.0,1.0,123.0,1.0,24.0,0.0,28.0
LOS ANGELES,LOS ANGELES,OSBORNE ST,4.0,289.0,2.0,13.0,0.0,7.0,8.0,633.0,5.0,24.0,0.0,25.0
LOS ANGELES,LOS ANGELES,AVALON,0.0,116.0,0.0,23.0,0.0,4.0,0.0,207.0,0.0,39.0,0.0,9.0
LOS ANGELES,LOS ANGELES,I-405 S/B (SAN DIEGO FWY),0.0,72.0,0.0,0.0,0.0,0.0,0.0,149.0,0.0,1.0,0.0,0.0
LOS ANGELES,LOS ANGELES,PACIFIC COAST HWY,1.0,321.0,1.0,17.0,0.0,21.0,4.0,602.0,4.0,28.0,0.0,29.0
LOS ANGELES,LOS ANGELES,S BUNDY DR,0.0,55.0,0.0,4.0,0.0,4.0,0.0,64.0,0.0,4.0,0.0,4.0
LOS ANGELES,LOS ANGELES,E MANCHESTER AV,3.0,44.0,0.0,8.0,1.0,2.0,3.0,56.0,0.0,9.0,1.0,3.0
LOS ANGELES,LOS ANGELES,S MAIN ST,5.0,267.0,3.0,25.0,1.0,24.0,8.0,347.0,4.0,34.0,1.0,27.0
LOS ANGELES,LOS ANGELES,RIVERSIDE DR,4.0,434.0,2.0,31.0,0.0,20.0,8.0,1085.0,5.0,68.0,0.0,55.0
LOS ANGELES,LOS ANGELES,ANAHEIM ST,4.0,253.0,1.0,24.0,1.0,12.0,9.0,587.0,4.0,62.0,1.0,23.0
LOS ANGELES,LOS ANGELES,CENTINELLA AV,0.0,37.0,0.0,2.0,0.0,2.0,1.0,140.0,0.0,4.0,0.0,7.0
LOS ANGELES,LOS ANGELES,BOYLE AV,0.0,50.0,0.0,4.0,0.0,2.0,2.0,105.0,1.0,11.0,0.0,3.0
LOS ANGELES,LOS ANGELES,GAGE AV,0.0,203.0,0.0,13.0,0.0,8.0,4.0,596.0,2.0,37.0,0.0,19.0
LOS ANGELES,LOS ANGELES,COLDWATER CANYON,0.0,63.0,0.0,0.0,0.0,2.0,1.0,230.0,0.0,2.0,0.0,5.0
LOS ANGELES,LOS ANGELES,OSBORN ST,0.0,8.0,0.0,1.0,0.0,2.0,1.0,26.0,0.0,2.0,0.0,2.0
LOS ANGELES,LOS ANGELES,HILL ST,0.0,184.0,0.0,25.0,0.0,11.0,0.0,563.0,0.0,69.0,0.0,48.0
LOS ANGELES,LOS ANGELES,VETERAN AV,0.0,62.0,0.0,10.0,0.0,7.0,0.0,171.0,0.0,22.0,0.0,15.0
LOS ANGELES,LOS ANGELES,OSO AV,0.0,28.0,0.0,2.0,0.0,2.0,0.0,97.0,0.0,7.0,0.0,6.0
LOS ANGELES,LOS ANGELES,EXPOSITION BL,3.0,171.0,1.0,17.0,0.0,12.0,4.0,417.0,1.0,39.0,0.0,44.0
LOS ANGELES,LOS ANGELES,92ND ST,2.0,140.0,1.0,10.0,0.0,10.0,3.0,332.0,1.0,24.0,0.0,25.0
LOS ANGELES,LOS ANGELES,FRANKLIN AV,1.0,286.0,0.0,24.0,0.0,7.0,1.0,670.0,0.0,67.0,0.0,21.0
LOS ANGELES,LOS ANGELES,28TH ST,2.0,40.0,1.0,8.0,0.0,8.0,3.0,114.0,1.0,21.0,1.0,27.0
LOS ANGELES,LOS ANGELES,VIRGIL AV,0.0,97.0,0.0,17.0,0.0,2.0,2.0,358.0,0.0,38.0,1.0,15.0
LOS ANGELES,LOS ANGELES,GAYLEY AV,1.0,41.0,0.0,5.0,0.0,5.0,1.0,104.0,0.0,10.0,0.0,11.0
LOS ANGELES,LOS ANGELES,HIGHLAND AV,0.0,342.0,0.0,23.0,0.0,9.0,1.0,1060.0,0.0,59.0,0.0,30.0
LOS ANGELES,LOS ANGELES,LEIMERT BL,0.0,26.0,0.0,2.0,0.0,0.0,2.0,60.0,2.0,9.0,0.0,4.0
LOS ANGELES,LOS ANGELES,2ND AV,0.0,31.0,0.0,4.0,0.0,1.0,0.0,82.0,0.0,6.0,0.0,5.0
LOS ANGELES,LOS ANGELES,RINALDI ST,7.0,382.0,1.0,6.0,0.0,5.0,12.0,886.0,1.0,13.0,0.0,18.0
LOS ANGELES,LOS ANGELES,WEST BL,1.0,108.0,0.0,10.0,0.0,1.0,4.0,246.0,1.0,25.0,0.0,12.0
LOS ANGELES,LOS ANGELES,48TH ST,2.0,103.0,1.0,10.0,1.0,5.0,4.0,260.0,3.0,26.0,1.0,17.0
LOS ANGELES,LOS ANGELES,PLATT AV,0.0,62.0,0.0,1.0,0.0,1.0,1.0,187.0,0.0,1.0,0.0,6.0
LOS ANGELES,LOS ANGELES,WILCOX AV,0.0,40.0,0.0,10.0,0.0,2.0,0.0,102.0,0.0,25.0,0.0,6.0
LOS ANGELES,LOS ANGELES,CESAR CHAVEZ AV,0.0,46.0,0.0,5.0,0.0,9.0,1.0,133.0,1.0,15.0,0.0,16.0
LOS ANGELES,LOS ANGELES,CANFIELD AV,0.0,5.0,0.0,2.0,0.0,0.0,1.0,16.0,0.0,6.0,0.0,1.0
LOS ANGELES,LOS ANGELES,9TH ST,1.0,85.0,1.0,17.0,0.0,12.0,1.0,313.0,1.0,52.0,0.0,42.0
LOS ANGELES,LOS ANGELES,BARHAM BL,0.0,52.0,0.0,0.0,0.0,3.0,2.0,167.0,0.0,7.0,0.0,5.0
LOS ANGELES,LOS ANGELES,ROSE AV,0.0,61.0,0.0,12.0,0.0,16.0,0.0,165.0,0.0,29.0,0.0,42.0
LOS ANGELES,LOS ANGELES,23RD ST,0.0,60.0,0.0,6.0,0.0,10.0,1.0,156.0,1.0,22.0,0.0,23.0
LOS ANGELES,LOS ANGELES,JAMES M WOOD,0.0,24.0,0.0,7.0,0.0,2.0,0.0,86.0,0.0,15.0,0.0,11.0
LOS ANGELES,LOS ANGELES,LOS ANGELES ST,1.0,172.0,1.0,19.0,0.0,16.0,1.0,462.0,1.0,41.0,0.0,39.0
LOS ANGELES,LOS ANGELES,BROADWAY,5.0,819.0,5.0,93.0,0.0,52.0,16.0,1972.0,11.0,219.0,1.0,164.0
LOS ANGELES,LOS ANGELES,MOTOR AV,0.0,28.0,0.0,1.0,0.0,0.0,0.0,95.0,0.0,9.0,0.0,1.0
LOS ANGELES,LOS ANGELES,RT 101,0.0,2.0,0.0,0.0,0.0,0.0,0.0,86.0,0.0,5.0,0.0,1.0
LOS ANGELES,LOS ANGELES,YOLANDA AV,0.0,26.0,0.0,5.0,0.0,0.0,0.0,74.0,0.0,14.0,0.0,1.0
LOS ANGELES,LOS ANGELES,MANHATTAN PL,0.0,22.0,0.0,5.0,0.0,3.0,1.0,86.0,1.0,17.0,0.0,11.0
LOS ANGELES,LOS ANGELES,39TH ST,1.0,59.0,0.0,6.0,0.0,2.0,2.0,148.0,0.0,17.0,0.0,10.0
LOS ANGELES,LOS ANGELES,HASKELL AV,3.0,186.0,2.0,7.0,0.0,4.0,5.0,462.0,2.0,21.0,0.0,18.0
LOS ANGELES,LOS ANGELES,ADAMS,0.0,44.0,0.0,7.0,0.0,1.0,0.0,118.0,0.0,15.0,0.0,7.0
LOS ANGELES,LOS ANGELES,NATIONAL BL,2.0,166.0,0.0,16.0,1.0,10.0,2.0,422.0,0.0,43.0,1.0,26.0
LOS ANGELES,LOS ANGELES,CRESCENT HEIGHTS BL,0.0,84.0,0.0,3.0,0.0,2.0,2.0,265.0,0.0,9.0,1.0,7.0
LOS ANGELES,LOS ANGELES,TEMPLE ST,1.0,164.0,1.0,13.0,0.0,4.0,2.0,531.0,2.0,43.0,0.0,27.0
LOS ANGELES,LOS ANGELES,WHITSETT AV,0.0,236.0,0.0,14.0,0.0,8.0,2.0,658.0,1.0,27.0,0.0,19.0
LOS ANGELES,LOS ANGELES,WILSHIRE,0.0,20.0,0.0,4.0,0.0,2.0,0.0,82.0,0.0,12.0,0.0,5.0
LOS ANGELES,LOS ANGELES,ALAMEDA ST,7.0,266.0,4.0,18.0,1.0,17.0,14.0,774.0,7.0,50.0,2.0,40.0
LOS ANGELES,LOS ANGELES,SANTA MONICA,0.0,30.0,0.0,2.0,0.0,4.0,0.0,110.0,0.0,9.0,0.0,6.0
LOS ANGELES,LOS ANGELES,WILMINGTON AV,3.0,130.0,2.0,17.0,0.0,5.0,5.0,299.0,4.0,36.0,0.0,19.0
LOS ANGELES,LOS ANGELES,MARIPOSA AV,0.0,51.0,0.0,18.0,0.0,3.0,0.0,127.0,0.0,35.0,0.0,18.0
LOS ANGELES,LOS ANGELES,OLIVE ST,1.0,82.0,1.0,11.0,0.0,6.0,1.0,259.0,1.0,32.0,0.0,24.0
LOS ANGELES,LOS ANGELES,CLYBOURN AV,0.0,16.0,0.0,2.0,0.0,1.0,1.0,47.0,1.0,4.0,0.0,3.0
LOS ANGELES,LOS ANGELES,CHATSWORTH DR,0.0,21.0,0.0,0.0,0.0,2.0,1.0,49.0,1.0,1.0,0.0,4.0
LOS ANGELES,LOS ANGELES,57TH ST,0.0,37.0,0.0,1.0,0.0,3.0,1.0,94.0,1.0,7.0,0.0,7.0
LOS ANGELES,LOS ANGELES,N BROADWAY,1.0,148.0,1.0,19.0,0.0,9.0,2.0,264.0,1.0,34.0,0.0,12.0
LOS ANGELES,LOS ANGELES,ROMAINE ST,0.0,32.0,0.0,2.0,0.0,2.0,1.0,76.0,0.0,4.0,0.0,5.0
LOS ANGELES,LOS ANGELES,HYDE PARK BL,0.0,35.0,0.0,6.0,0.0,3.0,2.0,75.0,1.0,9.0,0.0,3.0
LOS ANGELES,LOS ANGELES,SELMA AV,1.0,23.0,1.0,8.0,0.0,4.0,1.0,62.0,1.0,14.0,0.0,9.0
LOS ANGELES,LOS ANGELES,CORBIN AV,4.0,398.0,0.0,6.0,0.0,8.0,6.0,911.0,0.0,22.0,0.0,26.0
LOS ANGELES,LOS ANGELES,W IMPERIAL HWY,1.0,65.0,1.0,3.0,0.0,0.0,1.0,87.0,1.0,4.0,0.0,1.0
LOS ANGELES,LOS ANGELES,S WESTERN AV,7.0,411.0,4.0,59.0,0.0,9.0,7.0,465.0,4.0,63.0,0.0,15.0
LOS ANGELES,LOS ANGELES,LA TIJERA BL,0.0,148.0,0.0,7.0,0.0,3.0,1.0,328.0,1.0,25.0,0.0,3.0
LOS ANGELES,LOS ANGELES,JAMES M WOOD BL,0.0,167.0,0.0,29.0,0.0,12.0,0.0,347.0,0.0,64.0,0.0,32.0
LOS ANGELES,LOS ANGELES,EAST 4TH ST,0.0,112.0,0.0,11.0,0.0,7.0,0.0,149.0,0.0,12.0,0.0,11.0
LOS ANGELES,LOS ANGELES,CYPRESS AV,0.0,56.0,0.0,6.0,0.0,2.0,1.0,150.0,1.0,16.0,0.0,12.0
LOS ANGELES,LOS ANGELES,VALLEY BL,2.0,129.0,1.0,5.0,0.0,4.0,3.0,353.0,1.0,10.0,0.0,13.0
LOS ANGELES,LOS ANGELES,E ANAHEIM ST,1.0,27.0,0.0,4.0,0.0,4.0,1.0,29.0,0.0,4.0,0.0,4.0
LOS ANGELES,LOS ANGELES,BAYVIEW AV,1.0,9.0,0.0,3.0,1.0,0.0,1.0,13.0,0.0,3.0,1.0,1.0
LOS ANGELES,LOS ANGELES,EASTERN AV,0.0,46.0,0.0,5.0,0.0,2.0,0.0,142.0,0.0,11.0,0.0,9.0
LOS ANGELES,LOS ANGELES,UNION PACIFIC AV,0.0,8.0,0.0,1.0,0.0,1.0,1.0,21.0,1.0,1.0,0.0,2.0
LOS ANGELES,LOS ANGELES,WOODMAN AV,4.0,735.0,3.0,37.0,0.0,21.0,9.0,1878.0,5.0,82.0,1.0,69.0
LOS ANGELES,LOS ANGELES,CRENSHAW,0.0,38.0,0.0,4.0,0.0,0.0,0.0,114.0,0.0,11.0,0.0,4.0
LOS ANGELES,LOS ANGELES,S BROADWAY,8.0,287.0,2.0,30.0,1.0,16.0,9.0,370.0,3.0,36.0,1.0,26.0
LOS ANGELES,LOS ANGELES,NORTH SPRING ST,0.0,56.0,0.0,5.0,0.0,3.0,0.0,92.0,0.0,6.0,0.0,6.0
LOS ANGELES,LOS ANGELES,SHELDON ST,1.0,115.0,0.0,7.0,0.0,3.0,2.0,280.0,0.0,12.0,0.0,9.0
LOS ANGELES,LOS ANGELES,108TH ST,0.0,95.0,0.0,13.0,0.0,8.0,0.0,211.0,0.0,24.0,0.0,10.0
LOS ANGELES,LOS ANGELES,ECHO PARK AV,1.0,28.0,0.0,5.0,0.0,2.0,1.0,74.0,0.0,7.0,0.0,8.0
LOS ANGELES,LOS ANGELES,TUJUNGA CANYON BL,1.0,51.0,0.0,5.0,0.0,0.0,2.0,152.0,0.0,12.0,0.0,0.0
LOS ANGELES,LOS ANGELES,W SUNSET BL,2.0,426.0,2.0,40.0,0.0,28.0,3.0,552.0,3.0,54.0,0.0,41.0
LOS ANGELES,LOS ANGELES,OBAMA BL,1.0,153.0,0.0,12.0,0.0,6.0,1.0,153.0,0.0,12.0,0.0,6.0
LOS ANGELES,LOS ANGELES,CENTURY,0.0,64.0,0.0,9.0,0.0,2.0,1.0,114.0,1.0,16.0,0.0,3.0
LOS ANGELES,LOS ANGELES,KITTRIDGE ST,1.0,91.0,0.0,12.0,0.0,6.0,3.0,195.0,2.0,26.0,0.0,20.0
LOS ANGELES,LOS ANGELES,I-110 N/B (HAF),1.0,72.0,0.0,0.0,0.0,0.0,1.0,111.0,0.0,0.0,0.0,0.0
LOS ANGELES,LOS ANGELES,I-5 S/B (GOLDEN STATE FREEWAY),0.0,69.0,0.0,0.0,0.0,0.0,0.0,195.0,0.0,1.0,0.0,0.0
LOS ANGELES,LOS ANGELES,NORTH MAIN ST,1.0,88.0,1.0,6.0,0.0,6.0,1.0,194.0,1.0,13.0,0.0,11.0
LOS ANGELES,LOS ANGELES,CROCKER ST,0.0,30.0,0.0,11.0,0.0,5.0,0.0,65.0,0.0,22.0,0.0,16.0
LOS ANGELES,LOS ANGELES,I-5 S/B (GSF) TO SR-110 S/B (ASP),2.0,7.0,0.0,0.0,0.0,0.0,2.0,9.0,0.0,0.0,0.0,0.0
LOS ANGELES,LOS ANGELES,BERENDO ST,0.0,25.0,0.0,3.0,0.0,5.0,0.0,84.0,0.0,14.0,0.0,11.0
LOS ANGELES,LOS ANGELES,VINE ST,1.0,131.0,1.0,21.0,0.0,6.0,3.0,269.0,2.0,41.0,1.0,21.0
LOS ANGELES,LOS ANGELES,CHASE ST,1.0,79.0,1.0,15.0,0.0,5.0,1.0,206.0,1.0,36.0,0.0,13.0
LOS ANGELES,LOS ANGELES,E CENTURY BL,3.0,93.0,2.0,7.0,1.0,1.0,3.0,97.0,2.0,9.0,1.0,1.0
LOS ANGELES,LOS ANGELES,E MAIN ST,1.0,3.0,0.0,3.0,0.0,0.0,1.0,5.0,0.0,3.0,0.0,0.0
LOS ANGELES,LOS ANGELES,LA TUNA CANYON RD,1.0,47.0,1.0,1.0,0.0,2.0,7.0,160.0,1.0,3.0,0.0,5.0
LOS ANGELES,LOS ANGELES,LOS ANGELES,0.0,67.0,0.0,5.0,0.0,4.0,0.0,113.0,0.0,9.0,0.0,9.0
LOS ANGELES,LOS ANGELES,SERRANO AV,0.0,29.0,0.0,4.0,0.0,2.0,0.0,97.0,0.0,15.0,0.0,10.0
LOS ANGELES,LOS ANGELES,YORK BL,0.0,153.0,0.0,18.0,0.0,11.0,1.0,416.0,0.0,46.0,0.0,38.0
LOS ANGELES,LOS ANGELES,W TEMPLE ST,0.0,92.0,0.0,5.0,0.0,3.0,0.0,151.0,0.0,11.0,0.0,5.0
LOS ANGELES,LOS ANGELES,BIG TUJUNGA CANYON RD,1.0,14.0,0.0,0.0,0.0,0.0,1.0,45.0,0.0,0.0,0.0,0.0
LOS ANGELES,LOS ANGELES,ZELZAH AV,0.0,105.0,0.0,7.0,0.0,2.0,0.0,291.0,0.0,35.0,0.0,6.0
LOS ANGELES,LOS ANGELES,VERMONT,0.0,152.0,0.0,19.0,0.0,11.0,0.0,405.0,0.0,52.0,0.0,39.0
LOS ANGELES,LOS ANGELES,S SEPULVEDA BL,1.0,146.0,1.0,9.0,0.0,2.0,1.0,168.0,1.0,15.0,0.0,5.0
LOS ANGELES,LOS ANGELES,FLOWER ST,3.0,173.0,3.0,14.0,0.0,28.0,3.0,422.0,3.0,44.0,0.0,66.0
LOS ANGELES,LOS ANGELES,VAN NESS AV,1.0,132.0,1.0,10.0,0.0,5.0,2.0,364.0,1.0,33.0,0.0,19.0
LOS ANGELES,LOS ANGELES,29TH ST,0.0,28.0,0.0,6.0,0.0,5.0,0.0,76.0,0.0,14.0,0.0,13.0
LOS ANGELES,LOS ANGELES,HUMBOLDT ST,0.0,8.0,0.0,0.0,0.0,2.0,1.0,16.0,0.0,1.0,1.0,2.0
LOS ANGELES,LOS ANGELES,SUNLAND BL,3.0,202.0,2.0,2.0,0.0,4.0,7.0,470.0,3.0,18.0,0.0,12.0
LOS ANGELES,LOS ANGELES,TAMPA,0.0,25.0,0.0,0.0,0.0,0.0,0.0,71.0,0.0,2.0,0.0,3.0
LOS ANGELES,LOS ANGELES,16TH ST,0.0,49.0,0.0,4.0,0.0,2.0,0.0,141.0,0.0,10.0,0.0,9.0
LOS ANGELES,LOS ANGELES,ALHAMBRA AV,1.0,33.0,1.0,4.0,0.0,0.0,4.0,79.0,2.0,6.0,0.0,4.0
LOS ANGELES,LOS ANGELES,BUNDY DR,2.0,115.0,0.0,8.0,0.0,9.0,3.0,335.0,0.0,20.0,0.0,19.0
LOS ANGELES,LOS ANGELES,67TH ST,0.0,25.0,0.0,0.0,0.0,4.0,0.0,77.0,0.0,7.0,0.0,10.0
LOS ANGELES,LOS ANGELES,WINNETKA AV,8.0,331.0,3.0,13.0,1.0,8.0,16.0,826.0,3.0,32.0,3.0,22.0
LOS ANGELES,LOS ANGELES,N NORMANDIE AV,0.0,56.0,0.0,13.0,0.0,4.0,0.0,79.0,0.0,15.0,0.0,5.0
LOS ANGELES,LOS ANGELES,LEXINGTON AV,1.0,40.0,1.0,11.0,0.0,3.0,1.0,91.0,1.0,29.0,0.0,6.0
LOS ANGELES,LOS ANGELES,79TH ST,0.0,67.0,0.0,12.0,0.0,4.0,0.0,163.0,0.0,31.0,0.0,11.0
LOS ANGELES,LOS ANGELES,27TH ST,0.0,26.0,0.0,5.0,0.0,3.0,1.0,70.0,1.0,10.0,0.0,8.0
LOS ANGELES,LOS ANGELES,BUDLONG AV,0.0,70.0,0.0,6.0,0.0,7.0,0.0,148.0,0.0,17.0,0.0,13.0
LOS ANGELES,LOS ANGELES,SAINT ANDREWS PL,0.0,50.0,0.0,9.0,0.0,3.0,0.0,146.0,0.0,15.0,0.0,17.0
LOS ANGELES,LOS ANGELES,GLENDALE BL,2.0,266.0,1.0,21.0,0.0,11.0,6.0,602.0,3.0,53.0,0.0,32.0
LOS ANGELES,LOS ANGELES,VIGNES ST,1.0,20.0,1.0,3.0,0.0,5.0,1.0,47.0,1.0,4.0,0.0,7.0
LOS ANGELES,LOS ANGELES,DESOTO AV,0.0,70.0,0.0,3.0,0.0,1.0,0.0,246.0,0.0,12.0,0.0,10.0
LOS ANGELES,LOS ANGELES,KENMORE AV,0.0,25.0,0.0,5.0,0.0,2.0,0.0,85.0,0.0,20.0,0.0,11.0
LOS ANGELES,LOS ANGELES,BEAUDRY AV,0.0,41.0,0.0,2.0,0.0,1.0,0.0,118.0,0.0,2.0,0.0,5.0
LOS ANGELES,LOS ANGELES,W 3RD ST,3.0,273.0,3.0,33.0,0.0,8.0,3.0,339.0,3.0,43.0,0.0,11.0
LOS ANGELES,LOS ANGELES,COLFAX AV,0.0,92.0,0.0,5.0,0.0,3.0,0.0,217.0,0.0,18.0,0.0,8.0
LOS ANGELES,LOS ANGELES,105TH ST,0.0,9.0,0.0,2.0,0.0,0.0,1.0,34.0,1.0,8.0,0.0,2.0
LOS ANGELES,LOS ANGELES,8TH AV,0.0,53.0,0.0,5.0,0.0,1.0,0.0,103.0,0.0,7.0,0.0,3.0
LOS ANGELES,LOS ANGELES,OWENSMOUTH AV,0.0,145.0,0.0,11.0,0.0,9.0,0.0,351.0,0.0,34.0,0.0,19.0
LOS ANGELES,LOS ANGELES,OHIO AV,0.0,57.0,0.0,8.0,0.0,6.0,0.0,150.0,0.0,20.0,0.0,20.0
LOS ANGELES,LOS ANGELES,CHAUTAUQUA BL,1.0,20.0,0.0,0.0,0.0,3.0,3.0,29.0,1.0,0.0,0.0,3.0
LOS ANGELES,LOS ANGELES,ORANGE DR,0.0,30.0,0.0,5.0,0.0,4.0,0.0,83.0,0.0,14.0,0.0,11.0
LOS ANGELES,LOS ANGELES,ROSECRANS AV,0.0,30.0,0.0,1.0,0.0,1.0,0.0,70.0,0.0,3.0,0.0,4.0
LOS ANGELES,LOS ANGELES,COLORADO BL,0.0,109.0,0.0,4.0,0.0,8.0,1.0,321.0,0.0,20.0,0.0,21.0
LOS ANGELES,LOS ANGELES,COLLINS ST,0.0,25.0,0.0,6.0,0.0,0.0,1.0,63.0,0.0,10.0,1.0,1.0
LOS ANGELES,LOS ANGELES,RESEDA,0.0,35.0,0.0,1.0,0.0,0.0,0.0,85.0,0.0,6.0,0.0,4.0
LOS ANGELES,LOS ANGELES,COMPTON AV,4.0,257.0,3.0,31.0,0.0,18.0,6.0,516.0,5.0,51.0,0.0,42.0
LOS ANGELES,LOS ANGELES,54TH ST,3.0,199.0,2.0,24.0,0.0,11.0,6.0,524.0,4.0,67.0,0.0,44.0
LOS ANGELES,LOS ANGELES,LA BREA,0.0,78.0,0.0,8.0,0.0,4.0,1.0,239.0,1.0,19.0,0.0,11.0
LOS ANGELES,LOS ANGELES,SLAUSON,1.0,70.0,1.0,8.0,0.0,5.0,1.0,158.0,1.0,13.0,0.0,13.0
LOS ANGELES,LOS ANGELES,PALISADES DR,2.0,20.0,0.0,0.0,0.0,2.0,2.0,55.0,0.0,0.0,0.0,2.0
LOS ANGELES,LOS ANGELES,ALAMEDA,0.0,51.0,0.0,7.0,0.0,5.0,0.0,114.0,0.0,12.0,0.0,8.0
LOS ANGELES,LOS ANGELES,EAST FLORENCE AV,1.0,71.0,0.0,6.0,0.0,2.0,1.0,82.0,0.0,7.0,0.0,2.0
LOS ANGELES,LOS ANGELES,HAMLIN ST,0.0,36.0,0.0,1.0,0.0,4.0,0.0,57.0,0.0,3.0,0.0,8.0
LOS ANGELES,LOS ANGELES,ETIWANDA AV,1.0,43.0,1.0,5.0,0.0,4.0,2.0,93.0,2.0,16.0,0.0,9.0
LOS ANGELES,LOS ANGELES,HOBART BL,1.0,40.0,1.0,6.0,0.0,8.0,3.0,124.0,2.0,23.0,0.0,18.0
LOS ANGELES,LOS ANGELES,VARIEL AV,0.0,36.0,0.0,6.0,0.0,0.0,0.0,90.0,0.0,15.0,0.0,6.0
LOS ANGELES,LOS ANGELES,HARVARD BL,0.0,48.0,0.0,6.0,0.0,6.0,1.0,146.0,1.0,22.0,0.0,16.0
LOS ANGELES,LOS ANGELES,SPRING ST,0.0,70.0,0.0,10.0,0.0,7.0,0.0,235.0,0.0,34.0,0.0,23.0
LOS ANGELES,LOS ANGELES,IROLO ST,0.0,53.0,0.0,12.0,0.0,4.0,1.0,119.0,1.0,20.0,0.0,6.0
LOS ANGELES,LOS ANGELES,GLENOAK BL,1.0,19.0,1.0,1.0,0.0,1.0,3.0,64.0,1.0,1.0,0.0,2.0
LOS ANGELES,LOS ANGELES,MAGNOLIA BL,3.0,304.0,2.0,28.0,0.0,16.0,3.0,841.0,2.0,59.0,0.0,33.0
LOS ANGELES,LOS ANGELES,18TH ST,1.0,48.0,0.0,7.0,0.0,6.0,1.0,153.0,0.0,15.0,0.0,15.0
LOS ANGELES,LOS ANGELES,N HIGHLAND AV,4.0,102.0,0.0,11.0,0.0,2.0,5.0,130.0,0.0,11.0,0.0,2.0
LOS ANGELES,LOS ANGELES,E 1ST ST,1.0,76.0,1.0,8.0,0.0,7.0,1.0,91.0,1.0,9.0,0.0,10.0
LOS ANGELES,LOS ANGELES,CESAR E CHAVEZ AV,1.0,72.0,1.0,7.0,0.0,10.0,4.0,287.0,2.0,30.0,1.0,34.0
LOS ANGELES,LOS ANGELES,OLIVE VIEW DR,0.0,12.0,0.0,0.0,0.0,0.0,1.0,32.0,0.0,2.0,0.0,0.0
LOS ANGELES,LOS ANGELES,53RD ST,0.0,33.0,0.0,6.0,0.0,2.0,0.0,85.0,0.0,16.0,0.0,13.0
LOS ANGELES,LOS ANGELES,ERWIN ST,0.0,66.0,0.0,9.0,0.0,6.0,0.0,162.0,0.0,28.0,0.0,13.0
LOS ANGELES,LOS ANGELES,14TH ST,0.0,28.0,0.0,4.0,0.0,1.0,0.0,70.0,0.0,11.0,0.0,5.0
LOS ANGELES,LOS ANGELES,WYANDOTTE ST,0.0,33.0,0.0,8.0,0.0,5.0,1.0,80.0,0.0,12.0,0.0,7.0
LOS ANGELES,LOS ANGELES,VINELAND BL,2.0,7.0,0.0,0.0,0.0,0.0,2.0,22.0,0.0,3.0,0.0,3.0
LOS ANGELES,LOS ANGELES,WILLIS AV,0.0,50.0,0.0,4.0,0.0,2.0,0.0,102.0,0.0,14.0,0.0,6.0
LOS ANGELES,LOS ANGELES,47TH ST,0.0,21.0,0.0,5.0,0.0,5.0,1.0,59.0,0.0,14.0,1.0,12.0
LOS ANGELES,LOS ANGELES,109TH ST,1.0,14.0,0.0,2.0,0.0,1.0,1.0,35.0,0.0,5.0,0.0,6.0
LOS ANGELES,LOS ANGELES,NORMANDIE,0.0,127.0,0.0,7.0,0.0,1.0,0.0,306.0,0.0,15.0,0.0,17.0
LOS ANGELES,LOS ANGELES,MAPLE AV,0.0,111.0,0.0,19.0,0.0,11.0,0.0,217.0,0.0,40.0,0.0,32.0
LOS ANGELES,LOS ANGELES,BROADWAY ST,0.0,41.0,0.0,8.0,0.0,1.0,0.0,103.0,0.0,19.0,0.0,5.0
LOS ANGELES,LOS ANGELES,ROSSMORE AV,1.0,40.0,0.0,3.0,0.0,0.0,1.0,153.0,0.0,5.0,0.0,2.0
LOS ANGELES,LOS ANGELES,5TH AV,0.0,33.0,0.0,2.0,0.0,4.0,0.0,78.0,0.0,6.0,0.0,7.0
LOS ANGELES,LOS ANGELES,SAN VICENTE BL,3.0,217.0,1.0,11.0,1.0,13.0,5.0,551.0,2.0,27.0,1.0,48.0
LOS ANGELES,LOS ANGELES,PARTHENIA,0.0,24.0,0.0,0.0,0.0,0.0,0.0,80.0,0.0,1.0,0.0,2.0
LOS ANGELES,LOS ANGELES,FLETCHER DR,1.0,79.0,1.0,13.0,0.0,9.0,3.0,219.0,3.0,23.0,0.0,20.0
LOS ANGELES,LOS ANGELES,WHITTIER BL,1.0,101.0,1.0,15.0,0.0,6.0,2.0,286.0,2.0,44.0,0.0,14.0
LOS ANGELES,LOS ANGELES,W VENICE BL,0.0,59.0,0.0,3.0,0.0,4.0,0.0,77.0,0.0,4.0,0.0,6.0
LOS ANGELES,LOS ANGELES,EL SEGUNDO BL,0.0,44.0,0.0,0.0,0.0,0.0,1.0,104.0,0.0,5.0,0.0,1.0
LOS ANGELES,LOS ANGELES,55TH ST,0.0,71.0,0.0,7.0,0.0,5.0,0.0,130.0,0.0,14.0,0.0,11.0
LOS ANGELES,LOS ANGELES,E IMPERIAL HWY,4.0,68.0,2.0,6.0,0.0,2.0,4.0,70.0,2.0,6.0,0.0,2.0
LOS ANGELES,LOS ANGELES,2ND ST,1.0,104.0,0.0,8.0,0.0,12.0,2.0,296.0,1.0,40.0,0.0,34.0
LOS ANGELES,LOS ANGELES,76TH ST,0.0,50.0,0.0,13.0,0.0,5.0,0.0,113.0,0.0,22.0,0.0,9.0
LOS ANGELES,LOS ANGELES,N GAFFEY ST,0.0,36.0,0.0,2.0,0.0,0.0,0.0,51.0,0.0,4.0,0.0,0.0
LOS ANGELES,LOS ANGELES,W 1ST ST,1.0,59.0,0.0,11.0,0.0,5.0,1.0,77.0,0.0,12.0,0.0,7.0
LOS ANGELES,LOS ANGELES,E OLYMPIC BL,1.0,94.0,0.0,11.0,0.0,4.0,2.0,135.0,0.0,15.0,0.0,9.0
LOS ANGELES,LOS ANGELES,W 54TH ST,2.0,95.0,2.0,11.0,0.0,4.0,2.0,107.0,2.0,12.0,0.0,4.0
LOS ANGELES,LOS ANGELES,WILTON PL,2.0,166.0,2.0,16.0,0.0,5.0,2.0,510.0,2.0,48.0,0.0,19.0
LOS ANGELES,LOS ANGELES,W VERNON AV,2.0,97.0,2.0,11.0,0.0,7.0,2.0,121.0,2.0,12.0,0.0,8.0
LOS ANGELES,LOS ANGELES,W 7TH ST,1.0,83.0,0.0,18.0,1.0,21.0,1.0,107.0,0.0,22.0,1.0,29.0
LOS ANGELES,LOS ANGELES,CHATSWORTH ST,2.0,210.0,1.0,12.0,0.0,3.0,6.0,519.0,3.0,26.0,0.0,15.0
LOS ANGELES,LOS ANGELES,HERRICK AV,0.0,33.0,0.0,5.0,0.0,0.0,0.0,72.0,0.0,14.0,0.0,3.0
LOS ANGELES,LOS ANGELES,E VERNON AV,3.0,80.0,3.0,3.0,0.0,2.0,3.0,110.0,3.0,5.0,0.0,8.0
LOS ANGELES,LOS ANGELES,W CENTURY BL,3.0,100.0,2.0,5.0,0.0,2.0,4.0,112.0,2.0,6.0,1.0,2.0
LOS ANGELES,LOS ANGELES,WOODLAWN AV,1.0,2.0,1.0,1.0,0.0,1.0,1.0,23.0,1.0,5.0,0.0,5.0
LOS ANGELES,LOS ANGELES,S ALAMEDA ST,3.0,124.0,1.0,10.0,1.0,1.0,3.0,159.0,1.0,12.0,1.0,2.0
LOS ANGELES,LOS ANGELES,N LA BREA AV,0.0,73.0,0.0,11.0,0.0,2.0,0.0,88.0,0.0,14.0,0.0,2.0
LOS ANGELES,LOS ANGELES,W 6TH ST,2.0,203.0,1.0,25.0,0.0,9.0,3.0,246.0,2.0,33.0,0.0,11.0
LOS ANGELES,LOS ANGELES,SHERMAN AV,0.0,35.0,0.0,2.0,0.0,2.0,0.0,91.0,0.0,7.0,0.0,5.0
LOS ANGELES,LOS ANGELES,N SAN FERNANDO RD,1.0,65.0,1.0,10.0,0.0,3.0,1.0,86.0,1.0,12.0,0.0,5.0
LOS ANGELES,LOS ANGELES,US-101 S/B (HOLLYWOOD FREEWAY),0.0,36.0,0.0,0.0,0.0,0.0,0.0,54.0,0.0,0.0,0.0,0.0
LOS ANGELES,LOS ANGELES,US-101 S/B (VENTURA FREEWAY),0.0,167.0,0.0,0.0,0.0,0.0,0.0,259.0,0.0,0.0,0.0,0.0
LOS ANGELES,LOS ANGELES,60TH ST,0.0,33.0,0.0,3.0,0.0,4.0,1.0,88.0,0.0,16.0,0.0,12.0
LOS ANGELES,LOS ANGELES,I-110 S/B (HARBOR FREEWAY),1.0,92.0,1.0,0.0,0.0,0.0,1.0,175.0,1.0,0.0,0.0,0.0
LOS ANGELES,LOS ANGELES,BURLINGTON AV,0.0,25.0,0.0,6.0,0.0,3.0,1.0,60.0,0.0,12.0,1.0,6.0
LOS ANGELES,LOS ANGELES,S UNION AV,0.0,48.0,0.0,10.0,0.0,2.0,0.0,54.0,0.0,11.0,0.0,2.0
LOS ANGELES,LOS ANGELES,SR-118 W/B (RONALD REAGAN FWY.),0.0,38.0,0.0,0.0,0.0,0.0,0.0,62.0,0.0,0.0,0.0,0.0
LOS ANGELES,LOS ANGELES,W JEFFERSON BL,6.0,116.0,1.0,11.0,3.0,5.0,6.0,143.0,1.0,14.0,3.0,7.0
LOS ANGELES,LOS ANGELES,I-405 N/B (SAN DIEGO FWY),1.0,67.0,0.0,0.0,0.0,0.0,1.0,106.0,0.0,0.0,0.0,0.0
LOS ANGELES,LOS ANGELES,SR-110 N/B (ARROYO SECO PARKWAY),0.0,49.0,0.0,0.0,0.0,0.0,0.0,81.0,0.0,0.0,0.0,0.0
LOS ANGELES,LOS ANGELES,FIGUEROA,0.0,172.0,0.0,17.0,0.0,14.0,0.0,430.0,0.0,42.0,0.0,30.0
LOS ANGELES,LOS ANGELES,97TH ST,0.0,22.0,0.0,5.0,0.0,0.0,1.0,46.0,1.0,12.0,0.0,0.0
LOS ANGELES,LOS ANGELES,VAN OWEN ST,0.0,22.0,0.0,2.0,0.0,0.0,0.0,132.0,0.0,8.0,0.0,6.0
LOS ANGELES,LOS ANGELES,FIGUEROA AV,1.0,35.0,0.0,5.0,0.0,0.0,1.0,69.0,0.0,11.0,0.0,0.0
LOS ANGELES,LOS ANGELES,MCLAUGHLIN AV,1.0,24.0,1.0,0.0,0.0,6.0,1.0,67.0,1.0,5.0,0.0,11.0
LOS ANGELES,LOS ANGELES,PCH,1.0,78.0,0.0,4.0,1.0,3.0,1.0,139.0,0.0,7.0,1.0,6.0
LOS ANGELES,LOS ANGELES,LINDLEY AV,1.0,343.0,0.0,15.0,0.0,9.0,2.0,763.0,0.0,35.0,0.0,17.0
LOS ANGELES,LOS ANGELES,OBAMA BLVD,1.0,5.0,1.0,0.0,0.0,0.0,1.0,5.0,1.0,0.0,0.0,0.0
LOS ANGELES,LOS ANGELES,STATE ST,0.0,43.0,0.0,5.0,0.0,0.0,0.0,102.0,0.0,7.0,0.0,3.0
LOS ANGELES,LOS ANGELES,VISTA DEL MAR,3.0,67.0,1.0,14.0,0.0,0.0,5.0,258.0,3.0,27.0,0.0,7.0
LOS ANGELES,LOS ANGELES,120TH ST,1.0,106.0,0.0,5.0,0.0,2.0,3.0,224.0,1.0,18.0,0.0,14.0
LOS ANGELES,LOS ANGELES,WESTCHESTER PKWY,1.0,66.0,0.0,6.0,0.0,6.0,1.0,126.0,0.0,6.0,0.0,15.0
LOS ANGELES,LOS ANGELES,CHATSWORTH AV,1.0,1.0,1.0,0.0,0.0,0.0,1.0,5.0,1.0,0.0,0.0,0.0
LOS ANGELES,LOS ANGELES,TOBIAS AV,1.0,27.0,0.0,11.0,0.0,1.0,1.0,81.0,0.0,19.0,0.0,5.0
LOS ANGELES,LOS ANGELES,52ND ST,0.0,37.0,0.0,4.0,0.0,5.0,0.0,101.0,0.0,9.0,0.0,15.0
LOS ANGELES,LOS ANGELES,REDONDO BEACH BL,1.0,32.0,0.0,4.0,0.0,1.0,2.0,97.0,1.0,8.0,0.0,3.0
LOS ANGELES,LOS ANGELES,SEPULVEDA,0.0,22.0,0.0,1.0,0.0,0.0,0.0,98.0,0.0,3.0,0.0,6.0
LOS ANGELES,LOS ANGELES,BOYLE ST,2.0,4.0,0.0,0.0,0.0,0.0,2.0,5.0,0.0,0.0,0.0,0.0
LOS ANGELES,LOS ANGELES,17TH ST,0.0,19.0,0.0,0.0,0.0,0.0,0.0,100.0,0.0,10.0,0.0,4.0
LOS ANGELES,LOS ANGELES,FOREST LAWN DR,1.0,70.0,0.0,0.0,0.0,1.0,1.0,161.0,0.0,2.0,0.0,4.0
LOS ANGELES,LOS ANGELES,CURSON AV,0.0,10.0,0.0,5.0,0.0,1.0,1.0,44.0,0.0,10.0,0.0,5.0
LOS ANGELES,LOS ANGELES,TYRONE AV,0.0,32.0,0.0,2.0,0.0,3.0,0.0,83.0,0.0,6.0,0.0,8.0
LOS ANGELES,LOS ANGELES,190TH ST,0.0,52.0,0.0,1.0,0.0,1.0,0.0,179.0,0.0,7.0,0.0,3.0
LOS ANGELES,LOS ANGELES,LOUISE AV,0.0,150.0,0.0,12.0,0.0,3.0,0.0,284.0,0.0,24.0,0.0,11.0
LOS ANGELES,LOS ANGELES,84TH ST,0.0,24.0,0.0,3.0,0.0,1.0,1.0,50.0,0.0,9.0,1.0,5.0
LOS ANGELES,LOS ANGELES,DENKER AV,1.0,116.0,0.0,8.0,0.0,7.0,2.0,256.0,1.0,13.0,0.0,14.0
LOS ANGELES,LOS ANGELES,HUNTINGTON DR N,4.0,44.0,1.0,8.0,0.0,0.0,5.0,86.0,1.0,12.0,0.0,1.0
LOS ANGELES,LOS ANGELES,SAN FERNANDO MISSION BL,0.0,157.0,0.0,5.0,0.0,5.0,1.0,321.0,0.0,11.0,1.0,10.0
LOS ANGELES,LOS ANGELES,ROSCOE,0.0,38.0,0.0,1.0,0.0,1.0,0.0,94.0,0.0,3.0,0.0,3.0
LOS ANGELES,LOS ANGELES,OAKWOOD AV,0.0,36.0,0.0,9.0,0.0,2.0,0.0,104.0,0.0,30.0,0.0,7.0
LOS ANGELES,LOS ANGELES,11TH ST,0.0,60.0,0.0,18.0,0.0,7.0,0.0,217.0,0.0,52.0,0.0,32.0
LOS ANGELES,LOS ANGELES,BRADLEY AV,2.0,46.0,0.0,4.0,1.0,3.0,2.0,100.0,0.0,6.0,1.0,9.0
LOS ANGELES,LOS ANGELES,WALL ST,0.0,89.0,0.0,18.0,0.0,11.0,0.0,172.0,0.0,43.0,0.0,30.0
LOS ANGELES,LOS ANGELES,CLINTON ST,0.0,24.0,0.0,6.0,0.0,1.0,0.0,70.0,0.0,12.0,0.0,9.0
LOS ANGELES,LOS ANGELES,VERNON,0.0,68.0,0.0,11.0,0.0,2.0,0.0,150.0,0.0,19.0,0.0,15.0
LOS ANGELES,LOS ANGELES,HARBOR BL,1.0,32.0,0.0,0.0,0.0,4.0,2.0,87.0,0.0,1.0,0.0,5.0
LOS ANGELES,LOS ANGELES,DOHENY DR,0.0,17.0,0.0,3.0,0.0,0.0,2.0,49.0,2.0,7.0,0.0,2.0
LOS ANGELES,LOS ANGELES,MULHOLLAND DR,1.0,157.0,0.0,9.0,0.0,4.0,3.0,349.0,0.0,11.0,0.0,15.0
LOS ANGELES,LOS ANGELES,PAXTON ST,1.0,172.0,1.0,11.0,0.0,3.0,1.0,324.0,1.0,23.0,0.0,8.0
LOS ANGELES,LOS ANGELES,SILVER LAKE BL,1.0,62.0,0.0,3.0,0.0,0.0,2.0,155.0,1.0,9.0,0.0,7.0
LOS ANGELES,LOS ANGELES,CEDROS AV,0.0,60.0,0.0,10.0,0.0,1.0,0.0,117.0,0.0,22.0,0.0,5.0
LOS ANGELES,LOS ANGELES,OVERLAND AV,0.0,136.0,0.0,5.0,0.0,5.0,1.0,362.0,1.0,24.0,0.0,9.0
LOS ANGELES,LOS ANGELES,GOWER ST,0.0,58.0,0.0,10.0,0.0,2.0,2.0,163.0,0.0,24.0,0.0,10.0
LOS ANGELES,LOS ANGELES,104TH ST,0.0,28.0,0.0,4.0,0.0,2.0,1.0,70.0,0.0,8.0,0.0,4.0
LOS ANGELES,LOS ANGELES,ARDMORE AV,0.0,38.0,0.0,2.0,0.0,2.0,0.0,96.0,0.0,7.0,0.0,6.0
LOS ANGELES,LOS ANGELES,STANFORD AV,1.0,100.0,0.0,11.0,0.0,10.0,2.0,165.0,0.0,17.0,1.0,21.0
LOS ANGELES,LOS ANGELES,AVIATION BL,0.0,57.0,0.0,4.0,0.0,2.0,2.0,139.0,1.0,8.0,1.0,9.0
LOS ANGELES,LOS ANGELES,6TH AV,1.0,25.0,0.0,6.0,0.0,1.0,1.0,73.0,0.0,11.0,0.0,10.0
LOS ANGELES,LOS ANGELES,RAYEN ST,0.0,45.0,0.0,9.0,0.0,0.0,0.0,104.0,0.0,28.0,0.0,3.0
LOS ANGELES,LOS ANGELES,TUXFORD ST,1.0,58.0,0.0,2.0,0.0,0.0,2.0,135.0,1.0,3.0,0.0,1.0
LOS ANGELES,LOS ANGELES,VALLEY CIRCLE BL,3.0,124.0,1.0,1.0,0.0,2.0,5.0,313.0,1.0,2.0,0.0,5.0
LOS ANGELES,LOS ANGELES,BROADWAY AV,0.0,66.0,0.0,3.0,0.0,4.0,0.0,114.0,0.0,7.0,0.0,11.0
LOS ANGELES,LOS ANGELES,BUCKINGHAM RD,1.0,40.0,0.0,5.0,0.0,0.0,1.0,108.0,0.0,12.0,0.0,4.0
LOS ANGELES,LOS ANGELES,KING BL,0.0,62.0,0.0,6.0,0.0,1.0,0.0,149.0,0.0,9.0,0.0,5.0
LOS ANGELES,LOS ANGELES,BELLAIRE AV,0.0,36.0,0.0,1.0,0.0,3.0,0.0,103.0,0.0,14.0,0.0,7.0
LOS ANGELES,LOS ANGELES,S LA BREA AV,2.0,204.0,1.0,18.0,0.0,0.0,2.0,237.0,1.0,20.0,0.0,0.0
LOS ANGELES,LOS ANGELES,NAVY WY,1.0,23.0,0.0,0.0,0.0,0.0,1.0,39.0,0.0,1.0,0.0,0.0
LOS ANGELES,LOS ANGELES,N GOWER ST,0.0,31.0,0.0,4.0,0.0,2.0,0.0,39.0,0.0,5.0,0.0,2.0
LOS ANGELES,LOS ANGELES,S GRAND AV,0.0,79.0,0.0,18.0,0.0,4.0,0.0,113.0,0.0,26.0,0.0,7.0
LOS ANGELES,LOS ANGELES,HARRY BRIDGES BL,2.0,32.0,0.0,2.0,0.0,0.0,2.0,56.0,0.0,2.0,0.0,0.0
LOS ANGELES,LOS ANGELES,MERCER ST,1.0,7.0,0.0,2.0,0.0,0.0,1.0,18.0,0.0,2.0,0.0,0.0
LOS ANGELES,LOS ANGELES,HOOPER AV,0.0,198.0,0.0,12.0,0.0,14.0,1.0,448.0,0.0,40.0,1.0,35.0
LOS ANGELES,LOS ANGELES,PERSHING DR,1.0,26.0,1.0,1.0,0.0,2.0,3.0,68.0,1.0,2.0,1.0,7.0
LOS ANGELES,LOS ANGELES,WADSWORTH AV,2.0,47.0,0.0,2.0,1.0,3.0,2.0,91.0,0.0,7.0,1.0,8.0
LOS ANGELES,LOS ANGELES,ROXFORD ST,3.0,67.0,0.0,3.0,0.0,2.0,4.0,130.0,0.0,7.0,0.0,2.0
LOS ANGELES,LOS ANGELES,DE SOTO,0.0,22.0,0.0,1.0,0.0,0.0,0.0,75.0,0.0,5.0,0.0,0.0
LOS ANGELES,LOS ANGELES,S FAIRFAX AV,0.0,82.0,0.0,4.0,0.0,2.0,0.0,90.0,0.0,4.0,0.0,3.0
LOS ANGELES,LOS ANGELES,E 8TH ST,1.0,41.0,1.0,5.0,0.0,5.0,1.0,58.0,1.0,8.0,0.0,7.0
LOS ANGELES,LOS ANGELES,W PICO BL,2.0,315.0,1.0,40.0,0.0,15.0,3.0,392.0,2.0,48.0,0.0,20.0
LOS ANGELES,LOS ANGELES,CRYSTAL SPRINGS DR,1.0,13.0,0.0,0.0,1.0,2.0,2.0,36.0,0.0,1.0,1.0,7.0
LOS ANGELES,LOS ANGELES,S HOPE ST,0.0,39.0,0.0,6.0,0.0,2.0,0.0,51.0,0.0,9.0,0.0,3.0
LOS ANGELES,LOS ANGELES,RAMPART BL,1.0,45.0,0.0,7.0,0.0,2.0,1.0,127.0,0.0,18.0,0.0,13.0
LOS ANGELES,LOS ANGELES,E ST,2.0,9.0,2.0,1.0,0.0,0.0,3.0,19.0,3.0,2.0,0.0,4.0
LOS ANGELES,LOS ANGELES,STRATHERN,1.0,4.0,1.0,0.0,0.0,0.0,1.0,13.0,1.0,0.0,0.0,0.0
LOS ANGELES,LOS ANGELES,30TH ST,0.0,41.0,0.0,5.0,0.0,8.0,0.0,125.0,0.0,23.0,0.0,31.0
LOS ANGELES,LOS ANGELES,S FLOWER ST,1.0,71.0,1.0,5.0,0.0,9.0,1.0,89.0,1.0,6.0,0.0,9.0
LOS ANGELES,LOS ANGELES,41ST ST,0.0,50.0,0.0,9.0,0.0,4.0,0.0,134.0,0.0,23.0,0.0,18.0
LOS ANGELES,LOS ANGELES,W MARTIN LUTHER KING JR BL,4.0,133.0,0.0,7.0,0.0,4.0,4.0,171.0,0.0,8.0,0.0,5.0
LOS ANGELES,LOS ANGELES,NORTH BROADWAY,0.0,5.0,0.0,2.0,0.0,2.0,1.0,57.0,1.0,7.0,0.0,3.0
LOS ANGELES,LOS ANGELES,SANTA FE AV,0.0,39.0,0.0,2.0,0.0,4.0,0.0,137.0,0.0,7.0,0.0,14.0
LOS ANGELES,LOS ANGELES,KINGSLEY DR,1.0,30.0,1.0,4.0,0.0,2.0,2.0,122.0,1.0,16.0,0.0,15.0
LOS ANGELES,LOS ANGELES,BURTON WY,0.0,32.0,0.0,2.0,0.0,0.0,0.0,90.0,0.0,6.0,0.0,3.0
LOS ANGELES,LOS ANGELES,JOHN S GIBSON BL,0.0,23.0,0.0,2.0,0.0,0.0,1.0,37.0,0.0,3.0,0.0,0.0
LOS ANGELES,LOS ANGELES,BEACHWOOD DR,1.0,4.0,1.0,0.0,0.0,0.0,1.0,16.0,1.0,3.0,0.0,1.0
LOS ANGELES,LOS ANGELES,S OLIVE ST,0.0,70.0,0.0,10.0,0.0,0.0,0.0,76.0,0.0,10.0,0.0,1.0
LOS ANGELES,LOS ANGELES,100TH AV,0.0,22.0,0.0,1.0,0.0,1.0,0.0,78.0,0.0,3.0,0.0,1.0
LOS ANGELES,LOS ANGELES,S LA CIENEGA BL,3.0,224.0,2.0,16.0,0.0,5.0,5.0,261.0,2.0,20.0,0.0,6.0
LOS ANGELES,LOS ANGELES,81ST ST,0.0,37.0,0.0,8.0,0.0,0.0,0.0,73.0,0.0,15.0,0.0,5.0
LOS ANGELES,LOS ANGELES,74TH ST,0.0,29.0,0.0,3.0,0.0,3.0,2.0,67.0,1.0,7.0,0.0,5.0
LOS ANGELES,LOS ANGELES,W MARTIN LUTHER KING BL,0.0,56.0,0.0,3.0,0.0,2.0,0.0,73.0,0.0,4.0,0.0,3.0
LOS ANGELES,LOS ANGELES,LONG BEACH AV,1.0,69.0,0.0,5.0,0.0,4.0,1.0,140.0,0.0,11.0,0.0,9.0
LOS ANGELES,LOS ANGELES,VERDUGO RD,0.0,30.0,0.0,6.0,0.0,1.0,1.0,93.0,0.0,7.0,0.0,7.0
LOS ANGELES,LOS ANGELES,N VIRGIL AV,2.0,50.0,2.0,8.0,0.0,1.0,2.0,65.0,2.0,11.0,0.0,1.0
LOS ANGELES,LOS ANGELES,DE SOTO BL,1.0,2.0,0.0,0.0,1.0,0.0,1.0,5.0,0.0,0.0,1.0,0.0
LOS ANGELES,LOS ANGELES,HUNTINGTON DR,3.0,104.0,2.0,9.0,0.0,4.0,4.0,306.0,2.0,28.0,0.0,17.0
LOS ANGELES,LOS ANGELES,N ALVARADO ST,1.0,50.0,1.0,9.0,0.0,0.0,1.0,74.0,1.0,9.0,0.0,1.0
LOS ANGELES,LOS ANGELES,COMMONWEALTH AV,0.0,20.0,0.0,5.0,0.0,3.0,0.0,71.0,0.0,14.0,0.0,10.0
LOS ANGELES,LOS ANGELES,VANOWEN,0.0,50.0,0.0,4.0,0.0,3.0,0.0,147.0,0.0,8.0,0.0,6.0
LOS ANGELES,LOS ANGELES,GOTHIC AV,1.0,6.0,0.0,2.0,0.0,0.0,1.0,15.0,0.0,2.0,0.0,0.0
LOS ANGELES,LOS ANGELES,LAUREL CYN BL,0.0,34.0,0.0,4.0,0.0,0.0,0.0,115.0,0.0,11.0,0.0,6.0
LOS ANGELES,LOS ANGELES,S CENTRAL AV,17.0,374.0,12.0,38.0,0.0,17.0,18.0,464.0,13.0,51.0,0.0,25.0
LOS ANGELES,LOS ANGELES,HILLHURST AV,0.0,34.0,0.0,9.0,0.0,3.0,0.0,137.0,0.0,30.0,0.0,9.0
LOS ANGELES,LOS ANGELES,POLK ST,1.0,143.0,0.0,7.0,0.0,2.0,4.0,241.0,1.0,14.0,0.0,6.0
LOS ANGELES,LOS ANGELES,SAN MARINO ST,0.0,36.0,0.0,9.0,0.0,4.0,0.0,68.0,0.0,16.0,0.0,12.0
LOS ANGELES,LOS ANGELES,W MANCHESTER AV,3.0,175.0,2.0,12.0,0.0,6.0,4.0,199.0,2.0,13.0,0.0,7.0
LOS ANGELES,LOS ANGELES,E CESAR E CHAVEZ AV,1.0,62.0,1.0,11.0,0.0,2.0,1.0,75.0,1.0,14.0,0.0,3.0
LOS ANGELES,LOS ANGELES,115TH ST,0.0,10.0,0.0,2.0,0.0,0.0,1.0,26.0,1.0,4.0,0.0,0.0
LOS ANGELES,LOS ANGELES,IDAHO AV,1.0,11.0,1.0,2.0,0.0,0.0,1.0,23.0,1.0,4.0,0.0,1.0
LOS ANGELES,LOS ANGELES,NORTH FIGUEROA ST,2.0,150.0,1.0,15.0,0.0,6.0,6.0,261.0,3.0,29.0,1.0,15.0
LOS ANGELES,LOS ANGELES,S HIGHLAND AV,1.0,46.0,0.0,2.0,0.0,0.0,1.0,58.0,0.0,3.0,0.0,0.0
LOS ANGELES,LOS ANGELES,W ANAHEIM ST,1.0,39.0,0.0,4.0,0.0,4.0,1.0,42.0,0.0,4.0,0.0,4.0
LOS ANGELES,LOS ANGELES,MARTIN LUTHER KING JR BL,4.0,301.0,2.0,33.0,1.0,10.0,7.0,566.0,5.0,48.0,1.0,26.0
LOS ANGELES,LOS ANGELES,VICTORIA AV,0.0,15.0,0.0,0.0,0.0,2.0,2.0,52.0,1.0,2.0,0.0,6.0
LOS ANGELES,LOS ANGELES,US-101 N/B (HOLLYWOOD FREEWAY),0.0,32.0,0.0,0.0,0.0,0.0,0.0,50.0,0.0,0.0,0.0,0.0
LOS ANGELES,LOS ANGELES,N CRESCENT HEIGHTS BL,1.0,22.0,0.0,2.0,0.0,0.0,1.0,29.0,0.0,2.0,0.0,0.0
LOS ANGELES,LOS ANGELES,SR-2 (ANGELES CREST HIGHWAY),1.0,18.0,0.0,0.0,0.0,0.0,1.0,29.0,0.0,0.0,0.0,0.0
LOS ANGELES,LOS ANGELES,BRANFORD ST,3.0,87.0,1.0,2.0,1.0,2.0,5.0,189.0,1.0,7.0,1.0,8.0
LOS ANGELES,LOS ANGELES,N SOTO ST,0.0,59.0,0.0,8.0,0.0,2.0,0.0,81.0,0.0,9.0,0.0,2.0
LOS ANGELES,LOS ANGELES,GRIFFITH PARK BL,1.0,14.0,0.0,1.0,1.0,3.0,1.0,42.0,0.0,4.0,1.0,7.0
LOS ANGELES,LOS ANGELES,SANTA ROSALIA DR,0.0,42.0,0.0,7.0,0.0,3.0,0.0,108.0,0.0,17.0,0.0,3.0
LOS ANGELES,LOS ANGELES,ENCINO AV,0.0,24.0,0.0,0.0,0.0,0.0,1.0,39.0,0.0,1.0,0.0,1.0
LOS ANGELES,LOS ANGELES,EAST 6TH ST,0.0,37.0,0.0,10.0,0.0,7.0,0.0,47.0,0.0,11.0,0.0,10.0
LOS ANGELES,LOS ANGELES,GRAMERCY PL,1.0,46.0,1.0,7.0,0.0,2.0,1.0,133.0,1.0,19.0,0.0,8.0
LOS ANGELES,LOS ANGELES,GAGE,0.0,45.0,0.0,3.0,0.0,0.0,0.0,84.0,0.0,9.0,0.0,1.0
LOS ANGELES,LOS ANGELES,S BROADWAY ST,2.0,40.0,0.0,2.0,0.0,2.0,2.0,46.0,0.0,3.0,0.0,3.0
LOS ANGELES,LOS ANGELES,89TH ST,0.0,32.0,0.0,2.0,0.0,2.0,1.0,67.0,1.0,7.0,0.0,3.0
LOS ANGELES,LOS ANGELES,HUNTINGTON DR SOUTH,0.0,9.0,0.0,1.0,0.0,0.0,1.0,33.0,1.0,3.0,0.0,4.0
LOS ANGELES,LOS ANGELES,WENTWORTH ST,2.0,54.0,0.0,2.0,1.0,2.0,4.0,118.0,1.0,9.0,1.0,3.0
LOS ANGELES,LOS ANGELES,EUCLID AV,1.0,18.0,0.0,5.0,0.0,2.0,1.0,45.0,0.0,9.0,0.0,2.0
LOS ANGELES,LOS ANGELES,BRAND BL,1.0,20.0,0.0,0.0,0.0,0.0,3.0,63.0,0.0,0.0,1.0,1.0
LOS ANGELES,LOS ANGELES,MONTAGUE ST,0.0,9.0,0.0,1.0,0.0,1.0,1.0,24.0,0.0,4.0,0.0,4.0
LOS ANGELES,LOS ANGELES,ALISO ST,0.0,31.0,0.0,2.0,0.0,1.0,0.0,60.0,0.0,3.0,0.0,1.0
LOS ANGELES,LOS ANGELES,WEDDINGTON ST,0.0,10.0,0.0,0.0,0.0,1.0,1.0,22.0,1.0,5.0,0.0,1.0
LOS ANGELES,LOS ANGELES,COLISEUM ST,1.0,61.0,1.0,12.0,0.0,4.0,4.0,144.0,1.0,23.0,0.0,9.0
LOS ANGELES,LOS ANGELES,AVENUE 26,0.0,9.0,0.0,2.0,0.0,0.0,0.0,74.0,0.0,9.0,0.0,5.0
LOS ANGELES,LOS ANGELES,EDGEMONT ST,0.0,7.0,0.0,0.0,0.0,0.0,1.0,47.0,0.0,4.0,0.0,2.0
LOS ANGELES,LOS ANGELES,80TH ST,0.0,25.0,0.0,4.0,0.0,1.0,0.0,71.0,0.0,14.0,0.0,7.0
LOS ANGELES,LOS ANGELES,MANCHESTER BL,0.0,43.0,0.0,4.0,0.0,0.0,2.0,220.0,1.0,14.0,0.0,10.0
LOS ANGELES,LOS ANGELES,E 103RD ST,2.0,23.0,1.0,1.0,1.0,1.0,2.0,29.0,1.0,2.0,1.0,2.0
LOS ANGELES,LOS ANGELES,CABRILLO AV,0.0,22.0,0.0,6.0,0.0,1.0,1.0,47.0,0.0,11.0,0.0,3.0
LOS ANGELES,LOS ANGELES,LOMITA BL,0.0,89.0,0.0,14.0,0.0,4.0,1.0,218.0,1.0,23.0,0.0,14.0
LOS ANGELES,LOS ANGELES,42ND PL,0.0,18.0,0.0,3.0,0.0,2.0,1.0,57.0,0.0,10.0,0.0,7.0
LOS ANGELES,LOS ANGELES,59TH PL,0.0,32.0,0.0,1.0,0.0,2.0,1.0,80.0,1.0,7.0,0.0,7.0
LOS ANGELES,LOS ANGELES,BEN AV,0.0,8.0,0.0,1.0,0.0,0.0,1.0,19.0,0.0,5.0,0.0,1.0
LOS ANGELES,LOS ANGELES,PARTHENIA PL,1.0,5.0,0.0,1.0,0.0,1.0,2.0,11.0,0.0,4.0,0.0,1.0
LOS ANGELES,LOS ANGELES,E ADAMS BL,0.0,53.0,0.0,1.0,0.0,3.0,0.0,61.0,0.0,1.0,0.0,4.0
LOS ANGELES,LOS ANGELES,SEASIDE AV,0.0,1.0,0.0,0.0,0.0,0.0,2.0,35.0,0.0,0.0,0.0,0.0
LOS ANGELES,LOS ANGELES,INGLEWOOD BL,0.0,63.0,0.0,6.0,0.0,5.0,2.0,154.0,1.0,17.0,0.0,11.0
LOS ANGELES,LOS ANGELES,CHARNOCK RD,0.0,10.0,0.0,1.0,0.0,0.0,1.0,23.0,1.0,6.0,0.0,1.0
LOS ANGELES,LOS ANGELES,W 8TH ST,2.0,115.0,0.0,24.0,1.0,12.0,2.0,163.0,0.0,30.0,1.0,15.0
LOS ANGELES,LOS ANGELES,FIGEROA ST,1.0,0.0,1.0,0.0,0.0,0.0,1.0,6.0,1.0,0.0,0.0,0.0
LOS ANGELES,LOS ANGELES,CAMARILLO ST,0.0,38.0,0.0,4.0,0.0,2.0,0.0,127.0,0.0,11.0,0.0,6.0
LOS ANGELES,LOS ANGELES,7TH AV,0.0,37.0,0.0,0.0,0.0,5.0,0.0,73.0,0.0,8.0,0.0,14.0
LOS ANGELES,LOS ANGELES,HOOVER,0.0,69.0,0.0,2.0,0.0,2.0,1.0,180.0,1.0,14.0,0.0,7.0
LOS ANGELES,LOS ANGELES,MARMION WY,0.0,17.0,0.0,2.0,0.0,2.0,1.0,38.0,0.0,4.0,0.0,4.0
LOS ANGELES,LOS ANGELES,NOBLE AV,0.0,39.0,0.0,9.0,0.0,1.0,0.0,85.0,0.0,17.0,0.0,1.0
LOS ANGELES,LOS ANGELES,ARLINGTON,0.0,31.0,0.0,1.0,0.0,1.0,0.0,77.0,0.0,1.0,0.0,5.0
LOS ANGELES,LOS ANGELES,BORDEN AV,1.0,27.0,1.0,3.0,0.0,3.0,2.0,71.0,2.0,11.0,0.0,6.0
LOS ANGELES,LOS ANGELES,TERRA BELLA ST,2.0,104.0,2.0,7.0,0.0,4.0,5.0,279.0,5.0,11.0,0.0,9.0
LOS ANGELES,LOS ANGELES,S SAN PEDRO ST,3.0,231.0,2.0,31.0,1.0,25.0,3.0,270.0,2.0,41.0,1.0,28.0
LOS ANGELES,LOS ANGELES,SAYRE ST,0.0,18.0,0.0,3.0,0.0,0.0,1.0,46.0,1.0,9.0,0.0,0.0
LOS ANGELES,LOS ANGELES,42ND ST,0.0,35.0,0.0,3.0,0.0,4.0,1.0,96.0,1.0,9.0,0.0,9.0
LOS ANGELES,LOS ANGELES,STOCKER ST,0.0,34.0,0.0,2.0,0.0,2.0,0.0,116.0,0.0,6.0,0.0,6.0
LOS ANGELES,LOS ANGELES,EL PASO DR,1.0,13.0,0.0,1.0,0.0,1.0,1.0,32.0,0.0,3.0,0.0,3.0
LOS ANGELES,LOS ANGELES,HOPE ST,0.0,31.0,0.0,6.0,0.0,4.0,0.0,114.0,0.0,29.0,0.0,12.0
LOS ANGELES,LOS ANGELES,MACLAY ST,0.0,34.0,0.0,1.0,0.0,1.0,0.0,71.0,0.0,7.0,0.0,3.0
LOS ANGELES,LOS ANGELES,MINDANAO WY,0.0,33.0,0.0,3.0,0.0,2.0,0.0,77.0,0.0,6.0,0.0,5.0
LOS ANGELES,LOS ANGELES,BONNIE BRAE ST,0.0,34.0,0.0,4.0,0.0,4.0,0.0,63.0,0.0,11.0,0.0,7.0
LOS ANGELES,LOS ANGELES,MAGNOLIA AV,0.0,33.0,0.0,3.0,0.0,3.0,1.0,61.0,0.0,11.0,1.0,6.0
LOS ANGELES,LOS ANGELES,AVE 26,0.0,22.0,0.0,1.0,0.0,2.0,1.0,70.0,1.0,1.0,0.0,4.0
LOS ANGELES,LOS ANGELES,11TH AV,0.0,29.0,0.0,3.0,0.0,1.0,0.0,73.0,0.0,12.0,0.0,3.0
LOS ANGELES,LOS ANGELES,CAHUENGA BL W,0.0,77.0,0.0,4.0,0.0,0.0,1.0,135.0,0.0,4.0,0.0,1.0
LOS ANGELES,LOS ANGELES,MATEO ST,0.0,30.0,0.0,3.0,0.0,1.0,1.0,88.0,1.0,4.0,0.0,10.0
LOS ANGELES,LOS ANGELES,BEVERWIL DR,0.0,12.0,0.0,3.0,0.0,0.0,1.0,34.0,1.0,3.0,0.0,0.0
LOS ANGELES,LOS ANGELES,VENTURA PL,0.0,11.0,0.0,1.0,0.0,2.0,1.0,19.0,0.0,1.0,1.0,2.0
LOS ANGELES,LOS ANGELES,GRIFFIN AV,0.0,48.0,0.0,6.0,0.0,5.0,0.0,126.0,0.0,20.0,0.0,19.0
LOS ANGELES,LOS ANGELES,HATTERAS ST,0.0,27.0,0.0,2.0,0.0,1.0,0.0,76.0,0.0,16.0,0.0,3.0
LOS ANGELES,LOS ANGELES,MORELLA AV,0.0,6.0,0.0,2.0,0.0,0.0,1.0,20.0,1.0,3.0,0.0,0.0
LOS ANGELES,LOS ANGELES,12TH ST,1.0,53.0,0.0,11.0,0.0,4.0,2.0,172.0,0.0,38.0,0.0,20.0
LOS ANGELES,LOS ANGELES,EAST WASHINGTON BL,0.0,121.0,0.0,8.0,0.0,11.0,0.0,173.0,0.0,9.0,0.0,15.0
LOS ANGELES,LOS ANGELES,IMPERIAL HIGHWAY,1.0,2.0,0.0,0.0,0.0,1.0,1.0,3.0,0.0,0.0,0.0,2.0
LOS ANGELES,LOS ANGELES,WORKMAN ST,1.0,4.0,1.0,1.0,0.0,0.0,1.0,25.0,1.0,5.0,0.0,3.0
LOS ANGELES,LOS ANGELES,S ROBERTSON BL,0.0,45.0,0.0,2.0,0.0,0.0,0.0,57.0,0.0,2.0,0.0,0.0
LOS ANGELES,LOS ANGELES,25TH ST,0.0,55.0,0.0,7.0,0.0,5.0,1.0,164.0,0.0,24.0,0.0,11.0
LOS ANGELES,LOS ANGELES,BROAD AV,0.0,14.0,0.0,1.0,0.0,2.0,1.0,32.0,0.0,5.0,0.0,4.0
LOS ANGELES,LOS ANGELES,N WILTON PL,0.0,35.0,0.0,2.0,0.0,0.0,0.0,39.0,0.0,3.0,0.0,1.0
LOS ANGELES,LOS ANGELES,MAXELLA AV,0.0,16.0,0.0,1.0,0.0,4.0,1.0,40.0,0.0,12.0,0.0,6.0
LOS ANGELES,LOS ANGELES,LOS FELIZ,0.0,25.0,0.0,5.0,0.0,0.0,0.0,94.0,0.0,9.0,0.0,0.0
LOS ANGELES,LOS ANGELES,BALBOA,0.0,26.0,0.0,1.0,0.0,0.0,0.0,75.0,0.0,2.0,0.0,1.0
LOS ANGELES,LOS ANGELES,77TH ST,0.0,29.0,0.0,6.0,0.0,2.0,0.0,75.0,0.0,11.0,0.0,4.0
LOS ANGELES,LOS ANGELES,WESTMORELAND AV,0.0,42.0,0.0,9.0,0.0,2.0,0.0,111.0,0.0,31.0,0.0,10.0
LOS ANGELES,LOS ANGELES,EVERGREEN AV,1.0,9.0,1.0,2.0,0.0,1.0,2.0,37.0,2.0,4.0,0.0,5.0
LOS ANGELES,LOS ANGELES,NORDHOFF,1.0,38.0,1.0,1.0,0.0,1.0,1.0,101.0,1.0,3.0,0.0,2.0
LOS ANGELES,LOS ANGELES,S SOTO ST,0.0,78.0,0.0,3.0,0.0,2.0,0.0,92.0,0.0,9.0,0.0,2.0
LOS ANGELES,LOS ANGELES,43RD ST,1.0,56.0,1.0,9.0,0.0,4.0,1.0,112.0,1.0,19.0,0.0,13.0
LOS ANGELES,LOS ANGELES,WILLOUGHBY AV,0.0,36.0,0.0,8.0,0.0,5.0,0.0,82.0,0.0,19.0,0.0,13.0
LOS ANGELES,LOS ANGELES,SUMMERLAND AV,0.0,14.0,0.0,1.0,0.0,1.0,1.0,40.0,1.0,2.0,0.0,1.0
LOS ANGELES,LOS ANGELES,S CENTINELA AV,1.0,37.0,1.0,5.0,0.0,5.0,1.0,51.0,1.0,5.0,0.0,7.0
LOS ANGELES,LOS ANGELES,W ADAMS BL,3.0,172.0,2.0,20.0,1.0,12.0,3.0,190.0,2.0,23.0,1.0,12.0
LOS ANGELES,LOS ANGELES,S LOS ANGELES ST,0.0,74.0,0.0,9.0,0.0,7.0,0.0,92.0,0.0,12.0,0.0,10.0
LOS ANGELES,LOS ANGELES,GRIFFITH AV,0.0,35.0,0.0,3.0,0.0,4.0,1.0,102.0,0.0,15.0,0.0,15.0
LOS ANGELES,LOS ANGELES,65TH ST,1.0,19.0,0.0,0.0,0.0,1.0,1.0,43.0,0.0,5.0,0.0,1.0
LOS ANGELES,LOS ANGELES,COCHRAN AV,0.0,34.0,0.0,3.0,0.0,2.0,0.0,75.0,0.0,7.0,0.0,10.0
LOS ANGELES,LOS ANGELES,SYLVAN ST,0.0,33.0,0.0,3.0,0.0,2.0,0.0,71.0,0.0,12.0,0.0,5.0
LOS ANGELES,LOS ANGELES,S BARRINGTON AV,1.0,42.0,0.0,5.0,1.0,3.0,1.0,53.0,0.0,6.0,1.0,3.0
LOS ANGELES,LOS ANGELES,DALY ST,0.0,52.0,0.0,6.0,0.0,3.0,1.0,148.0,1.0,21.0,0.0,8.0
LOS ANGELES,LOS ANGELES,W GAGE AV,0.0,70.0,0.0,9.0,0.0,2.0,0.0,91.0,0.0,9.0,0.0,3.0
LOS ANGELES,LOS ANGELES,MLK BL,0.0,19.0,0.0,1.0,0.0,0.0,0.0,88.0,0.0,5.0,0.0,6.0
LOS ANGELES,LOS ANGELES,DE GARMO AV,1.0,6.0,0.0,1.0,1.0,0.0,1.0,18.0,0.0,4.0,1.0,0.0
LOS ANGELES,LOS ANGELES,N MISSION RD,0.0,77.0,0.0,6.0,0.0,2.0,0.0,106.0,0.0,10.0,0.0,3.0
LOS ANGELES,LOS ANGELES,BROADWAY PL,0.0,27.0,0.0,3.0,0.0,1.0,1.0,66.0,0.0,6.0,0.0,4.0
LOS ANGELES,LOS ANGELES,CENTRAL,0.0,86.0,0.0,7.0,0.0,2.0,0.0,183.0,0.0,17.0,0.0,10.0
LOS ANGELES,LOS ANGELES,I-405 S/B (SAN DIEGO FREEWAY),0.0,51.0,0.0,0.0,0.0,0.0,1.0,117.0,0.0,0.0,0.0,0.0
LOS ANGELES,LOS ANGELES,KELVIN AV,1.0,7.0,0.0,1.0,0.0,0.0,1.0,11.0,0.0,2.0,0.0,0.0
LOS ANGELES,LOS ANGELES,I-105 E/B (GLENN ANDERSON FWY),0.0,9.0,0.0,0.0,0.0,0.0,1.0,40.0,1.0,1.0,0.0,0.0
LOS ANGELES,LOS ANGELES,I-10 E/B (SANTA MONICA FREEWAY),0.0,34.0,0.0,0.0,0.0,0.0,1.0,85.0,1.0,0.0,0.0,0.0
LOS ANGELES,LOS ANGELES,I-5 N/B (GOLDEN STATE FREEWAY),1.0,57.0,0.0,1.0,0.0,0.0,1.0,123.0,0.0,1.0,0.0,0.0
LOS ANGELES,LOS ANGELES,SR-170 S/B (HOLLYWOOD FWY.),0.0,31.0,0.0,0.0,0.0,0.0,0.0,53.0,0.0,0.0,0.0,0.0
LOS ANGELES,LOS ANGELES,MAIN,0.0,28.0,0.0,2.0,0.0,2.0,0.0,81.0,0.0,7.0,0.0,6.0
LOS ANGELES,LOS ANGELES,51ST ST,0.0,63.0,0.0,10.0,0.0,4.0,0.0,149.0,0.0,26.0,0.0,18.0
LOS ANGELES,LOS ANGELES,APPERSON ST,2.0,23.0,1.0,1.0,0.0,0.0,3.0,38.0,2.0,6.0,0.0,1.0
LOS ANGELES,LOS ANGELES,E 92ND ST,0.0,36.0,0.0,4.0,0.0,0.0,0.0,47.0,0.0,4.0,0.0,1.0
LOS ANGELES,LOS ANGELES,E CAHUENGA BL,0.0,43.0,0.0,0.0,0.0,1.0,0.0,62.0,0.0,3.0,0.0,1.0
LOS ANGELES,LOS ANGELES,W 48TH ST,1.0,26.0,0.0,2.0,0.0,0.0,1.0,30.0,0.0,2.0,0.0,0.0
LOS ANGELES,LOS ANGELES,BANNING BL,1.0,5.0,1.0,2.0,0.0,0.0,1.0,5.0,1.0,2.0,0.0,0.0
LOS ANGELES,LOS ANGELES,WHITWORTH DR,1.0,16.0,1.0,2.0,0.0,0.0,1.0,45.0,1.0,7.0,0.0,1.0
LOS ANGELES,LOS ANGELES,MARTIN LUTHER KING,0.0,17.0,0.0,1.0,0.0,1.0,1.0,59.0,0.0,7.0,0.0,1.0
LOS ANGELES,LOS ANGELES,DEVONSHIRE,0.0,29.0,0.0,3.0,0.0,1.0,0.0,83.0,0.0,5.0,0.0,2.0
LOS ANGELES,LOS ANGELES,CLOVIS AV,1.0,17.0,0.0,2.0,0.0,1.0,1.0,26.0,0.0,3.0,0.0,1.0
LOS ANGELES,LOS ANGELES,FRIES AV,0.0,3.0,0.0,1.0,0.0,0.0,1.0,17.0,0.0,4.0,0.0,0.0
LOS ANGELES,LOS ANGELES,INDIANA ST,1.0,18.0,1.0,1.0,0.0,1.0,1.0,57.0,1.0,4.0,0.0,1.0
LOS ANGELES,LOS ANGELES,E SLAUSON AV,0.0,33.0,0.0,4.0,0.0,0.0,0.0,42.0,0.0,5.0,0.0,1.0
LOS ANGELES,LOS ANGELES,BAGLEY AV,1.0,8.0,0.0,0.0,0.0,1.0,1.0,20.0,0.0,3.0,0.0,6.0
LOS ANGELES,LOS ANGELES,AVENUE 64,0.0,5.0,0.0,0.0,0.0,0.0,1.0,29.0,0.0,3.0,1.0,3.0
LOS ANGELES,LOS ANGELES,E 3RD ST,0.0,31.0,0.0,3.0,0.0,1.0,0.0,36.0,0.0,3.0,0.0,1.0
LOS ANGELES,LOS ANGELES,STAGG ST,2.0,37.0,0.0,8.0,1.0,1.0,2.0,84.0,0.0,17.0,1.0,4.0
LOS ANGELES,LOS ANGELES,GRANDEE AV,2.0,7.0,1.0,0.0,0.0,1.0,2.0,27.0,1.0,5.0,0.0,2.0
LOS ANGELES,LOS ANGELES,WESTMONT DR,1.0,10.0,0.0,2.0,0.0,2.0,1.0,31.0,0.0,8.0,0.0,2.0
LOS ANGELES,LOS ANGELES,BENEDICT CANYON DR,0.0,27.0,0.0,0.0,0.0,1.0,0.0,89.0,0.0,0.0,0.0,2.0
LOS ANGELES,LOS ANGELES,HALLDALE AV,0.0,39.0,0.0,4.0,0.0,2.0,0.0,101.0,0.0,6.0,0.0,4.0
LOS ANGELES,LOS ANGELES,RT 110,0.0,4.0,0.0,0.0,0.0,0.0,0.0,83.0,0.0,1.0,0.0,2.0
LOS ANGELES,LOS ANGELES,SOUTH VENICE BL,0.0,9.0,0.0,1.0,0.0,1.0,1.0,17.0,1.0,4.0,0.0,2.0
LOS ANGELES,LOS ANGELES,N WESTERN AV,0.0,83.0,0.0,14.0,0.0,8.0,0.0,105.0,0.0,19.0,0.0,8.0
LOS ANGELES,LOS ANGELES,ALVARADO,0.0,31.0,0.0,10.0,0.0,0.0,0.0,83.0,0.0,17.0,0.0,8.0
LOS ANGELES,LOS ANGELES,CESAR E CHAVEZ,0.0,18.0,0.0,2.0,0.0,3.0,1.0,56.0,1.0,9.0,0.0,4.0
LOS ANGELES,LOS ANGELES,S HILL ST,1.0,99.0,1.0,5.0,0.0,8.0,1.0,124.0,1.0,8.0,0.0,8.0
LOS ANGELES,LOS ANGELES,RHEA AV,1.0,5.0,1.0,0.0,0.0,1.0,1.0,7.0,1.0,0.0,0.0,1.0
LOS ANGELES,LOS ANGELES,82ND ST,0.0,16.0,0.0,5.0,0.0,1.0,1.0,64.0,1.0,11.0,0.0,5.0
LOS ANGELES,LOS ANGELES,CERES AV,0.0,3.0,0.0,0.0,0.0,1.0,1.0,13.0,1.0,4.0,0.0,4.0
LOS ANGELES,LOS ANGELES,ROSEWOOD AV,0.0,31.0,0.0,2.0,0.0,2.0,0.0,87.0,0.0,13.0,0.0,9.0
LOS ANGELES,LOS ANGELES,ORION AV,0.0,54.0,0.0,6.0,0.0,3.0,0.0,96.0,0.0,16.0,0.0,8.0
LOS ANGELES,LOS ANGELES,59TH ST,1.0,21.0,0.0,5.0,0.0,3.0,1.0,54.0,0.0,8.0,0.0,8.0
LOS ANGELES,LOS ANGELES,EL DORADO AV,0.0,8.0,0.0,0.0,0.0,0.0,1.0,22.0,0.0,2.0,0.0,1.0
LOS ANGELES,LOS ANGELES,SYCAMORE AV,0.0,30.0,0.0,2.0,0.0,0.0,0.0,81.0,0.0,7.0,0.0,7.0
LOS ANGELES,LOS ANGELES,BURNET AV,1.0,36.0,1.0,6.0,0.0,0.0,2.0,63.0,1.0,12.0,1.0,1.0
LOS ANGELES,LOS ANGELES,S SANTA FE AV,1.0,32.0,1.0,3.0,0.0,1.0,1.0,46.0,1.0,4.0,0.0,1.0
LOS ANGELES,LOS ANGELES,56TH ST,0.0,26.0,0.0,6.0,0.0,3.0,0.0,81.0,0.0,16.0,0.0,8.0
LOS ANGELES,LOS ANGELES,N FAIRFAX AV,1.0,31.0,1.0,3.0,0.0,3.0,1.0,38.0,1.0,3.0,0.0,4.0
LOS ANGELES,LOS ANGELES,S BEVERLY GLEN BL,1.0,21.0,1.0,5.0,0.0,0.0,1.0,33.0,1.0,5.0,0.0,0.0
LOS ANGELES,LOS ANGELES,3RD STREET,1.0,3.0,1.0,1.0,0.0,0.0,1.0,3.0,1.0,1.0,0.0,0.0
LOS ANGELES,LOS ANGELES,PRAIRIE ST,1.0,14.0,0.0,2.0,0.0,2.0,1.0,34.0,0.0,7.0,0.0,6.0
LOS ANGELES,LOS ANGELES,SOTO,0.0,8.0,0.0,3.0,0.0,1.0,1.0,24.0,1.0,6.0,0.0,1.0
LOS ANGELES,LOS ANGELES,SESNON BL,1.0,21.0,1.0,3.0,0.0,0.0,1.0,35.0,1.0,4.0,0.0,0.0
LOS ANGELES,LOS ANGELES,WHEATLAND AV,2.0,11.0,0.0,0.0,0.0,0.0,2.0,15.0,0.0,1.0,0.0,0.0
LOS ANGELES,LOS ANGELES,N ALAMEDA ST,0.0,53.0,0.0,2.0,0.0,5.0,0.0,72.0,0.0,4.0,0.0,6.0
LOS ANGELES,LOS ANGELES,GLENOAKS,1.0,13.0,1.0,1.0,0.0,1.0,1.0,30.0,1.0,1.0,0.0,1.0
LOS ANGELES,LOS ANGELES,VESPER AV,1.0,52.0,0.0,6.0,0.0,4.0,1.0,106.0,0.0,16.0,0.0,11.0
LOS ANGELES,LOS ANGELES,S GAFFEY ST,1.0,39.0,1.0,7.0,0.0,1.0,1.0,50.0,1.0,8.0,0.0,1.0
LOS ANGELES,LOS ANGELES,13TH ST,0.0,11.0,0.0,2.0,0.0,3.0,1.0,39.0,1.0,8.0,0.0,5.0
LOS ANGELES,LOS ANGELES,ARCADIA ST,1.0,24.0,1.0,1.0,0.0,1.0,1.0,71.0,1.0,2.0,0.0,1.0
LOS ANGELES,LOS ANGELES,I-105 W/B (GLENN ANDERSON FWY),0.0,7.0,0.0,0.0,0.0,0.0,1.0,27.0,0.0,0.0,0.0,0.0
LOS ANGELES,LOS ANGELES,I-110 S/B (HAF),0.0,33.0,0.0,0.0,0.0,0.0,0.0,46.0,0.0,0.0,0.0,0.0
LOS ANGELES,LOS ANGELES,E 9TH ST,0.0,30.0,0.0,1.0,0.0,4.0,0.0,36.0,0.0,3.0,0.0,4.0
LOS ANGELES,LOS ANGELES,WILTON PLACE,1.0,7.0,0.0,0.0,0.0,0.0,1.0,7.0,0.0,0.0,0.0,0.0
LOS ANGELES,LOS ANGELES,WEBB AV,1.0,21.0,0.0,0.0,1.0,1.0,2.0,40.0,1.0,2.0,1.0,3.0
LOS ANGELES,LOS ANGELES,CANTERBURY AV,0.0,13.0,0.0,0.0,0.0,1.0,1.0,29.0,0.0,2.0,0.0,2.0
LOS ANGELES,LOS ANGELES,GATEWAY BL,0.0,12.0,0.0,1.0,0.0,0.0,1.0,32.0,0.0,3.0,0.0,2.0
LOS ANGELES,LOS ANGELES,RIMPAU BL,0.0,28.0,0.0,2.0,0.0,3.0,1.0,90.0,1.0,7.0,0.0,11.0
LOS ANGELES,LOS ANGELES,N EASTERN AV,0.0,25.0,0.0,3.0,0.0,0.0,1.0,44.0,0.0,4.0,0.0,2.0
LOS ANGELES,LOS ANGELES,FAIR AV,0.0,13.0,0.0,0.0,0.0,0.0,1.0,33.0,0.0,4.0,0.0,2.0
LOS ANGELES,LOS ANGELES,W 80TH ST,1.0,8.0,1.0,1.0,0.0,0.0,1.0,13.0,1.0,1.0,0.0,1.0
LOS ANGELES,LOS ANGELES,117TH ST,2.0,8.0,2.0,3.0,0.0,1.0,2.0,19.0,2.0,5.0,0.0,1.0
LOS ANGELES,LOS ANGELES,TOPANGA CANYON,0.0,37.0,0.0,2.0,0.0,2.0,0.0,111.0,0.0,6.0,0.0,2.0
LOS ANGELES,LOS ANGELES,TEMESCAL CANYON RD,0.0,14.0,0.0,0.0,0.0,0.0,1.0,30.0,0.0,1.0,1.0,2.0
LOS ANGELES,LOS ANGELES,PACIFIC COAST HIGHWAY,1.0,12.0,0.0,0.0,0.0,0.0,1.0,12.0,0.0,0.0,0.0,0.0
LOS ANGELES,LOS ANGELES,W 92ND ST,1.0,13.0,1.0,1.0,0.0,0.0,1.0,17.0,1.0,2.0,0.0,1.0
LOS ANGELES,LOS ANGELES,E GAGE AV,2.0,25.0,2.0,6.0,0.0,1.0,2.0,47.0,2.0,10.0,0.0,3.0
LOS ANGELES,LOS ANGELES,S GRAMERCY PL,0.0,15.0,0.0,3.0,0.0,0.0,1.0,15.0,1.0,3.0,0.0,0.0
LOS ANGELES,LOS ANGELES,W 88TH ST,1.0,9.0,1.0,1.0,0.0,0.0,1.0,9.0,1.0,1.0,0.0,0.0
LOS ANGELES,LOS ANGELES,W LOMITA BL,1.0,12.0,0.0,3.0,0.0,0.0,1.0,13.0,0.0,3.0,0.0,0.0
LOS ANGELES,LOS ANGELES,S VAN NESS AV,0.0,56.0,0.0,7.0,0.0,1.0,0.0,68.0,0.0,7.0,0.0,2.0
LOS ANGELES,LOS ANGELES,CATALINA ST,0.0,36.0,0.0,5.0,0.0,4.0,1.0,86.0,1.0,12.0,0.0,13.0
LOS ANGELES,LOS ANGELES,W 4TH ST,0.0,35.0,0.0,6.0,0.0,4.0,0.0,47.0,0.0,8.0,0.0,6.0
LOS ANGELES,LOS ANGELES,206TH ST,1.0,6.0,0.0,1.0,1.0,1.0,1.0,6.0,0.0,1.0,1.0,1.0
LOS ANGELES,LOS ANGELES,WALTON AV,1.0,11.0,0.0,0.0,0.0,2.0,1.0,15.0,0.0,0.0,0.0,4.0
LOS ANGELES,LOS ANGELES,E 52ND ST,1.0,4.0,1.0,1.0,0.0,0.0,1.0,4.0,1.0,1.0,0.0,0.0
LOS ANGELES,LOS ANGELES,TRINITY ST,1.0,13.0,1.0,2.0,0.0,1.0,1.0,32.0,1.0,9.0,0.0,6.0
LOS ANGELES,LOS ANGELES,QUAY AV,1.0,6.0,1.0,2.0,0.0,1.0,1.0,9.0,1.0,2.0,0.0,1.0
LOS ANGELES,LOS ANGELES,E 50TH ST,1.0,20.0,0.0,5.0,0.0,0.0,1.0,22.0,0.0,5.0,0.0,1.0
LOS ANGELES,LOS ANGELES,HOLLYWOOD WY,1.0,19.0,0.0,0.0,0.0,0.0,2.0,46.0,0.0,0.0,0.0,0.0
LOS ANGELES,LOS ANGELES,HUSTON ST,1.0,13.0,0.0,4.0,0.0,1.0,1.0,29.0,0.0,8.0,0.0,1.0
LOS ANGELES,LOS ANGELES,OGDEN DR,1.0,4.0,0.0,0.0,1.0,0.0,1.0,17.0,0.0,1.0,1.0,1.0
LOS ANGELES,LOS ANGELES,GRAND BL,1.0,3.0,0.0,1.0,1.0,0.0,1.0,8.0,0.0,2.0,1.0,1.0
LOS ANGELES,LOS ANGELES,SAN PASCUAL AV,2.0,6.0,0.0,2.0,0.0,0.0,2.0,14.0,0.0,3.0,0.0,1.0
LOS ANGELES,LOS ANGELES,99TH ST,0.0,10.0,0.0,4.0,0.0,0.0,1.0,18.0,1.0,5.0,0.0,2.0
LOS ANGELES,LOS ANGELES,SKYLINE DR,1.0,2.0,0.0,0.0,0.0,0.0,1.0,6.0,0.0,0.0,0.0,0.0
LOS ANGELES,LOS ANGELES,MELROSE AVENUE,1.0,9.0,0.0,0.0,0.0,0.0,1.0,9.0,0.0,0.0,0.0,0.0
LOS ANGELES,LOS ANGELES,E COLDEN AV,1.0,12.0,0.0,0.0,0.0,0.0,1.0,12.0,0.0,0.0,0.0,0.0
LOS ANGELES,LOS ANGELES,ORCHARD AV,0.0,8.0,0.0,2.0,0.0,1.0,1.0,36.0,1.0,14.0,0.0,7.0
LOS ANGELES,LOS ANGELES,FALMOUTH AV,1.0,3.0,1.0,2.0,0.0,0.0,1.0,7.0,1.0,2.0,0.0,0.0
LOS ANGELES,LOS ANGELES,W PACIFIC COAST HWY,1.0,14.0,1.0,2.0,0.0,1.0,1.0,17.0,1.0,2.0,0.0,2.0
LOS ANGELES,LOS ANGELES,HERRON ST,1.0,4.0,0.0,0.0,0.0,0.0,1.0,11.0,0.0,0.0,0.0,1.0
LOS ANGELES,LOS ANGELES,AINSWORTH ST,1.0,4.0,1.0,0.0,0.0,0.0,1.0,8.0,1.0,1.0,0.0,0.0
LOS ANGELES,LOS ANGELES,W 2ND ST,0.0,51.0,0.0,5.0,0.0,1.0,0.0,61.0,0.0,8.0,0.0,2.0
LOS ANGELES,LOS ANGELES,W 71ST ST,1.0,6.0,1.0,0.0,0.0,0.0,1.0,8.0,1.0,0.0,0.0,0.0
LOS ANGELES,LOS ANGELES,US-101 SOUTHBOUND (SANTA ANA FREEWAY),1.0,2.0,1.0,0.0,0.0,0.0,1.0,3.0,1.0,0.0,0.0,0.0
LOS ANGELES,LOS ANGELES,7719 ETIWANDA AV,1.0,0.0,1.0,0.0,0.0,0.0,1.0,0.0,1.0,0.0,0.0,0.0
LOS ANGELES,LOS ANGELES,ARIETA ST,1.0,0.0,0.0,0.0,0.0,0.0,1.0,0.0,0.0,0.0,0.0,0.0
LOS ANGELES,LOS ANGELES,MOUNTAIR AV,1.0,4.0,0.0,0.0,0.0,0.0,2.0,8.0,0.0,1.0,0.0,0.0
LOS ANGELES,LOS ANGELES,E 47TH ST,1.0,5.0,0.0,1.0,0.0,0.0,1.0,12.0,0.0,3.0,0.0,0.0
LOS ANGELES,LOS ANGELES,107TH ST,0.0,16.0,0.0,3.0,0.0,1.0,1.0,41.0,0.0,9.0,1.0,3.0
LOS ANGELES,LOS ANGELES,FORBES AV,1.0,3.0,1.0,1.0,0.0,0.0,1.0,9.0,1.0,1.0,0.0,4.0
LOS ANGELES,LOS ANGELES,SOUTH VERMONT AV,1.0,2.0,1.0,0.0,0.0,0.0,1.0,7.0,1.0,0.0,0.0,0.0
LOS ANGELES,LOS ANGELES,CHURCH LN,1.0,8.0,0.0,0.0,1.0,0.0,1.0,18.0,0.0,0.0,1.0,0.0
LOS ANGELES,LOS ANGELES,S BONNIE BRAE ST,1.0,21.0,1.0,4.0,0.0,4.0,1.0,24.0,1.0,4.0,0.0,4.0
LOS ANGELES,LOS ANGELES,N EVERGREEN AV,1.0,5.0,1.0,0.0,0.0,1.0,1.0,10.0,1.0,1.0,0.0,1.0
LOS ANGELES,LOS ANGELES,N BENTON WY,1.0,7.0,0.0,0.0,0.0,1.0,1.0,8.0,0.0,1.0,0.0,1.0
LOS ANGELES,LOS ANGELES,UNITED STATES 101 SOUTHBOUND,5.0,4.0,4.0,0.0,0.0,0.0,5.0,4.0,4.0,0.0,0.0,0.0
LOS ANGELES,LOS ANGELES,UNITED STATES ROUTE 101 NORTHBOUND (SANTA ANA FREE,1.0,2.0,0.0,0.0,0.0,0.0,1.0,2.0,0.0,0.0,0.0,0.0
LOS ANGELES,LOS ANGELES,W SEPULVEDA BL,1.0,6.0,0.0,0.0,0.0,0.0,1.0,6.0,0.0,0.0,0.0,0.0
LOS ANGELES,LOS ANGELES,SHERMAN OAKS AV,1.0,6.0,1.0,0.0,0.0,0.0,1.0,21.0,1.0,0.0,0.0,0.0
LOS ANGELES,LOS ANGELES,HAMILTON AV,1.0,0.0,0.0,0.0,0.0,0.0,1.0,3.0,0.0,0.0,0.0,0.0
LOS ANGELES,LOS ANGELES,MULLHOLLAND DR,2.0,3.0,0.0,0.0,0.0,1.0,2.0,18.0,0.0,0.0,0.0,1.0
LOS ANGELES,LOS ANGELES,HARDING ST,0.0,3.0,0.0,0.0,0.0,0.0,3.0,10.0,0.0,0.0,0.0,0.0
LOS ANGELES,LOS ANGELES,N AV 19,1.0,0.0,0.0,0.0,0.0,0.0,1.0,0.0,0.0,0.0,0.0,0.0
LOS ANGELES,LOS ANGELES,SR-14 (N/B)(ANTELOPE VALLEY FREEWAY),2.0,3.0,0.0,0.0,0.0,0.0,2.0,3.0,0.0,0.0,0.0,0.0
LOS ANGELES,LOS ANGELES,FOOTHILL AV,1.0,4.0,0.0,0.0,0.0,0.0,1.0,5.0,0.0,0.0,0.0,0.0
LOS ANGELES,LOS ANGELES,N LA CIENEGA BL,0.0,38.0,0.0,4.0,0.0,0.0,0.0,42.0,0.0,4.0,0.0,0.0
LOS ANGELES,LOS ANGELES,109TH PL,0.0,7.0,0.0,1.0,0.0,0.0,1.0,20.0,0.0,4.0,0.0,0.0
LOS ANGELES,LOS ANGELES,6TH ST EAST,1.0,2.0,1.0,1.0,0.0,1.0,1.0,7.0,1.0,2.0,0.0,2.0
LOS ANGELES,LOS ANGELES,IVAR AV,0.0,8.0,0.0,2.0,0.0,0.0,1.0,23.0,1.0,10.0,0.0,0.0
LOS ANGELES,LOS ANGELES,E 22ND ST,1.0,6.0,0.0,3.0,0.0,1.0,1.0,12.0,0.0,6.0,0.0,2.0
LOS ANGELES,LOS ANGELES,PIONEER AV,1.0,1.0,0.0,0.0,0.0,0.0,1.0,1.0,0.0,0.0,0.0,0.0
LOS ANGELES,LOS ANGELES,W 23RD ST,1.0,7.0,1.0,0.0,0.0,1.0,1.0,10.0,1.0,1.0,0.0,1.0
LOS ANGELES,LOS ANGELES,W 9TH ST,1.0,31.0,1.0,1.0,0.0,1.0,1.0,41.0,1.0,1.0,0.0,2.0
LOS ANGELES,LOS ANGELES,126TH ST,1.0,1.0,1.0,0.0,0.0,0.0,1.0,2.0,1.0,0.0,0.0,0.0
LOS ANGELES,LOS ANGELES,UNITED STATES 101 NORTHBOUND (HOLLYWOOD FREEWAY),1.0,9.0,0.0,0.0,0.0,0.0,1.0,9.0,0.0,0.0,0.0,0.0
LOS ANGELES,LOS ANGELES,HAVENHURST DR,1.0,0.0,0.0,0.0,0.0,0.0,1.0,0.0,0.0,0.0,0.0,0.0
LOS ANGELES,LOS ANGELES,MIRAMAR ST,1.0,1.0,1.0,1.0,0.0,0.0,1.0,11.0,1.0,4.0,0.0,0.0
LOS ANGELES,LOS ANGELES,W 37TH PL,1.0,5.0,0.0,0.0,0.0,1.0,1.0,7.0,0.0,2.0,0.0,1.0
LOS ANGELES,LOS ANGELES,N AVALON BL,2.0,10.0,2.0,1.0,0.0,0.0,2.0,12.0,2.0,1.0,0.0,0.0
LOS ANGELES,LOS ANGELES,S MANSFIELD AV,1.0,3.0,1.0,0.0,0.0,0.0,1.0,3.0,1.0,0.0,0.0,0.0
LOS ANGELES,LOS ANGELES,NEWELL ST,1.0,2.0,1.0,1.0,0.0,0.0,1.0,5.0,1.0,1.0,0.0,0.0
LOS ANGELES,LOS ANGELES,LULL ST,1.0,6.0,0.0,0.0,1.0,0.0,2.0,15.0,1.0,1.0,1.0,0.0
LOS ANGELES,LOS ANGELES,186TH ST,0.0,4.0,0.0,0.0,0.0,1.0,1.0,14.0,0.0,0.0,0.0,1.0
LOS ANGELES,LOS ANGELES,UNITED STATES 101 S/B TO VERMONT AVENUE,1.0,1.0,0.0,0.0,0.0,0.0,1.0,1.0,0.0,0.0,0.0,0.0
LOS ANGELES,LOS ANGELES,HARBORGATE WAY,1.0,0.0,0.0,0.0,0.0,0.0,1.0,0.0,0.0,0.0,0.0,0.0
LOS ANGELES,LOS ANGELES,UNITED STATES 101 (VENTURA FWY) S/B TO STATE ROUTE,1.0,0.0,0.0,0.0,0.0,0.0,1.0,0.0,0.0,0.0,0.0,0.0
LOS ANGELES,LOS ANGELES,W RODEO RD,1.0,1.0,1.0,0.0,0.0,1.0,1.0,1.0,1.0,0.0,0.0,1.0
LOS ANGELES,LOS ANGELES,RT 2,1.0,0.0,1.0,0.0,0.0,0.0,1.0,5.0,1.0,0.0,0.0,0.0
LOS ANGELES,LOS ANGELES,E 95TH ST,1.0,5.0,0.0,0.0,0.0,0.0,1.0,5.0,0.0,0.0,0.0,0.0
LOS ANGELES,LOS ANGELES,UNITED STATES 101 S/B (VEN FWY),1.0,2.0,0.0,0.0,0.0,0.0,1.0,2.0,0.0,0.0,0.0,0.0
LOS ANGELES,LOS ANGELES,MOUNTAIN VIEW AV,1.0,0.0,1.0,0.0,0.0,0.0,1.0,3.0,1.0,1.0,0.0,2.0
LOS ANGELES,LOS ANGELES,WAVECREST AV,1.0,0.0,1.0,0.0,0.0,0.0,1.0,1.0,1.0,0.0,0.0,1.0
LOS ANGELES,LOS ANGELES,W 59TH ST,1.0,3.0,0.0,0.0,0.0,1.0,1.0,3.0,0.0,0.0,0.0,1.0
LOS ANGELES,LOS ANGELES,STAUNTON AV,2.0,3.0,0.0,0.0,1.0,0.0,2.0,4.0,0.0,0.0,1.0,0.0
LOS ANGELES,LOS ANGELES,SUMMIT CIRCLE,1.0,0.0,0.0,0.0,0.0,0.0,1.0,0.0,0.0,0.0,0.0,0.0
LOS ANGELES,LOS ANGELES,W 63RD ST,1.0,0.0,0.0,0.0,0.0,0.0,1.0,2.0,0.0,0.0,0.0,0.0
LOS ANGELES,LOS ANGELES,JEFFERSON BLVD,1.0,1.0,1.0,0.0,0.0,1.0,1.0,1.0,1.0,0.0,0.0,1.0
LOS ANGELES,LOS ANGELES,BELMAR AV,1.0,0.0,1.0,0.0,0.0,0.0,1.0,6.0,1.0,4.0,0.0,0.0
LOS ANGELES,LOS ANGELES,ALONDRA,1.0,0.0,1.0,0.0,0.0,0.0,1.0,4.0,1.0,0.0,0.0,0.0
LOS ANGELES,LOS ANGELES,248TH ST,1.0,0.0,0.0,0.0,0.0,0.0,1.0,1.0,0.0,0.0,0.0,0.0
LOS ANGELES,LOS ANGELES,LEWIS ST,1.0,0.0,1.0,0.0,0.0,0.0,1.0,2.0,1.0,0.0,0.0,0.0
LOS ANGELES,LOS ANGELES,SR-110 SOUTHBOUND (ASP) TO STATE STREET,1.0,0.0,0.0,0.0,0.0,0.0,1.0,0.0,0.0,0.0,0.0,0.0
LOS ANGELES,LOS ANGELES,I-110 NORTHBOUND TO SR-91 EASTBOUND,1.0,0.0,0.0,0.0,0.0,0.0,1.0,0.0,0.0,0.0,0.0,0.0
LOS ANGELES,LOS ANGELES,SR-138,1.0,4.0,0.0,0.0,0.0,0.0,1.0,4.0,0.0,0.0,0.0,0.0
LOS ANGELES,LOS ANGELES,NATICK AVE,1.0,0.0,0.0,0.0,0.0,0.0,1.0,0.0,0.0,0.0,0.0,0.0
LOS ANGELES,LOS ANGELES,87TH ST EAST,1.0,1.0,1.0,0.0,0.0,1.0,1.0,1.0,1.0,0.0,0.0,1.0
LOS ANGELES,LOS ANGELES,S ELLENDALE PL,1.0,0.0,1.0,0.0,0.0,0.0,1.0,0.0,1.0,0.0,0.0,0.0
LOS ANGELES,LOS ANGELES,UNITED STATES 101 SOUTHBOUND (HOLLYWOOD FREEWAY),1.0,3.0,1.0,0.0,0.0,0.0,1.0,3.0,1.0,0.0,0.0,0.0
LOS ANGELES,LOS ANGELES,S EDGEHILL DR,1.0,0.0,0.0,0.0,0.0,0.0,1.0,0.0,0.0,0.0,0.0,0.0
LOS ANGELES,LOS ANGELES,TRUMAN ST,1.0,0.0,0.0,0.0,0.0,0.0,1.0,1.0,0.0,0.0,0.0,0.0
LOS ANGELES,LOS ANGELES,ODIN STREET,1.0,0.0,0.0,0.0,0.0,0.0,1.0,0.0,0.0,0.0,0.0,0.0
LOS ANGELES,LOS ANGELES,E AVE 40,1.0,0.0,0.0,0.0,0.0,0.0,1.0,0.0,0.0,0.0,0.0,0.0
LOS ANGELES,LOS ANGELES,W AVENUE 34,1.0,0.0,0.0,0.0,1.0,0.0,1.0,0.0,0.0,0.0,1.0,0.0
LOS ANGELES,LOS ANGELES,INTERSTATE 110 SOUTHBOUND (HARBOR FREEWAY),1.0,0.0,1.0,0.0,0.0,0.0,1.0,0.0,1.0,0.0,0.0,0.0
LOS ANGELES,LOS ANGELES,ALBERTA DR,1.0,0.0,0.0,0.0,0.0,0.0,1.0,0.0,0.0,0.0,0.0,0.0
LOS ANGELES,LOS ANGELES,WOOSLEY CANYON RD,1.0,0.0,0.0,0.0,0.0,0.0,1.0,0.0,0.0,0.0,0.0,0.0
LOS ANGELES,LOS ANGELES,54 AV,1.0,0.0,1.0,0.0,0.0,0.0,1.0,0.0,1.0,0.0,0.0,0.0
LOS ANGELES,LOS ANGELES,S AVENUE 60,1.0,7.0,1.0,4.0,0.0,1.0,1.0,8.0,1.0,4.0,0.0,1.0
LOS ANGELES,LOS ANGELES,UNITED STATES 101 NORTHBOUND (SANTA ANA FREEWAY),2.0,0.0,1.0,0.0,0.0,0.0,2.0,0.0,1.0,0.0,0.0,0.0
LOS ANGELES,LOS ANGELES,W MARTIN LUTHER KING  BL,1.0,0.0,0.0,0.0,0.0,0.0,1.0,0.0,0.0,0.0,0.0,0.0
LOS ANGELES,LOS ANGELES,S CONCORD ST,1.0,0.0,1.0,0.0,0.0,0.0,1.0,0.0,1.0,0.0,0.0,0.0
LOS ANGELES,LOS ANGELES,W 13TH ST,1.0,2.0,0.0,0.0,0.0,0.0,1.0,2.0,0.0,0.0,0.0,0.0
LOS ANGELES,LOS ANGELES,STATE ROUTE 2 (ANGELES CREST HIGHWAY),1.0,0.0,0.0,0.0,0.0,0.0,1.0,0.0,0.0,0.0,0.0,0.0
LOS ANGELES,LOS ANGELES,COMEY AV,1.0,1.0,1.0,0.0,0.0,0.0,1.0,2.0,1.0,0.0,0.0,1.0
LOS ANGELES,LOS ANGELES,LYRIC AV,1.0,0.0,1.0,0.0,0.0,0.0,1.0,0.0,1.0,0.0,0.0,0.0
LOS ANGELES,LOS ANGELES,BULLARD AV,1.0,0.0,1.0,0.0,0.0,0.0,1.0,0.0,1.0,0.0,0.0,0.0
LOS ANGELES,LOS ANGELES,KERCKHOFF AV,1.0,0.0,0.0,0.0,0.0,0.0,1.0,0.0,0.0,0.0,0.0,0.0
LOS ANGELES,LOS ANGELES,W WESTMORELAND AV,1.0,0.0,1.0,0.0,0.0,0.0,1.0,0.0,1.0,0.0,0.0,0.0
LOS ANGELES,LOS ANGELES,STATE ROUTE 110 N/B (ASP) TO I-5 N/B (GSF),1.0,0.0,0.0,0.0,0.0,0.0,1.0,0.0,0.0,0.0,0.0,0.0
LOS ANGELES,LOS ANGELES,35TH PLACE,1.0,0.0,1.0,0.0,0.0,0.0,1.0,0.0,1.0,0.0,0.0,0.0
LOS ANGELES,LOS ANGELES,UNITED STATES 101 S/B TO MELROSE AVENUE OFF-RAMP,1.0,0.0,0.0,0.0,0.0,0.0,1.0,0.0,0.0,0.0,0.0,0.0
LOS ANGELES,LOS ANGELES,OVERLAND AVENUE,1.0,0.0,0.0,0.0,0.0,0.0,1.0,0.0,0.0,0.0,0.0,0.0
LOS ANGELES,LOS ANGELES,MANCHESTR AV,1.0,0.0,0.0,0.0,0.0,0.0,1.0,0.0,0.0,0.0,0.0,0.0
LOS ANGELES,LOS ANGELES,W. 9TH ST,1.0,2.0,1.0,1.0,0.0,0.0,1.0,2.0,1.0,1.0,0.0,0.0
